"STATE","FLOOD_CAUSE","BEGIN_DATE_TIME","END_DATE_TIME"
"West Virginia","Heavy Rain","2020/5/25","2020/5/25"
"Virginia","Heavy Rain","2020/4/13","2020/4/13"
"Ohio","Heavy Rain","2020/3/28","2020/3/28"
"Ohio","Heavy Rain","2020/3/3","2020/3/3"
"Ohio","Heavy Rain","2020/4/13","2020/4/14"
"Puerto Rico","Heavy Rain","2020/1/24","2020/1/24"
"Puerto Rico","Heavy Rain","2020/10/1","2020/10/1"
"Puerto Rico","Heavy Rain","2020/3/10","2020/3/10"
"Puerto Rico","Heavy Rain","2020/3/10","2020/3/11"
"Puerto Rico","Heavy Rain","2020/5/4","2020/5/4"
"Puerto Rico","Heavy Rain","2020/5/26","2020/5/26"
"Virgin Islands","Heavy Rain","2020/11/1","2020/11/1"
"Mississippi","Heavy Rain","2020/4/23","2020/4/23"
"Pennsylvania","Heavy Rain","2020/8/4","2020/8/4"
"Georgia","Heavy Rain","2020/2/6","2020/2/6"
"South Carolina","Heavy Rain","2020/2/6","2020/2/6"
"Hawaii","Heavy Rain","2020/3/16","2020/3/17"
"Ohio","Heavy Rain","2020/4/8","2020/4/8"
"Arizona","Heavy Rain","2020/3/12","2020/3/12"
"California","Heavy Rain","2020/3/12","2020/3/12"
"Arizona","Heavy Rain","2020/3/12","2020/3/13"
"Ohio","Heavy Rain","2020/3/29","2020/3/29"
"New Jersey","Heavy Rain","2020/6/5","2020/6/5"
"Puerto Rico","Heavy Rain","2020/9/9","2020/9/9"
"Hawaii","Heavy Rain","2020/3/15","2020/3/15"
"Louisiana","Heavy Rain","2020/1/11","2020/1/11"
"North Carolina","Heavy Rain","2020/2/6","2020/2/6"
"Mississippi","Heavy Rain","2020/1/11","2020/1/11"
"North Carolina","Heavy Rain","2020/2/6","2020/2/7"
"Puerto Rico","Heavy Rain","2020/9/13","2020/9/13"
"Hawaii","Heavy Rain","2020/3/16","2020/3/16"
"Florida","Heavy Rain","2020/6/2","2020/6/2"
"Mississippi","Dam / Levee Break","2020/2/5","2020/2/5"
"Georgia","Heavy Rain","2020/2/6","2020/2/7"
"Hawaii","Heavy Rain","2020/3/17","2020/3/17"
"Texas","Heavy Rain","2020/6/23","2020/6/23"
"Hawaii","Heavy Rain","2020/3/2","2020/3/3"
"Arizona","Heavy Rain","2020/3/13","2020/3/13"
"California","Heavy Rain","2020/3/10","2020/3/10"
"Indiana","Heavy Rain","2020/3/20","2020/3/20"
"North Carolina","Heavy Rain","2020/2/7","2020/2/8"
"Florida","Heavy Rain","2020/6/13","2020/6/13"
"Florida","Heavy Rain","2020/6/14","2020/6/14"
"Vermont","Heavy Rain","2020/6/30","2020/6/30"
"Hawaii","Heavy Rain","2020/3/18","2020/3/18"
"Pennsylvania","Heavy Rain","2020/8/2","2020/8/2"
"Florida","Heavy Rain / Tropical System","2020/6/7","2020/6/7"
"New Jersey","Heavy Rain","2020/8/29","2020/8/29"
"Arizona","Heavy Rain","2020/7/23","2020/7/23"
"Ohio","Heavy Rain","2020/3/20","2020/3/20"
"Delaware","Heavy Rain","2020/8/12","2020/8/12"
"New Jersey","Heavy Rain","2020/8/12","2020/8/12"
"Pennsylvania","Heavy Rain","2020/8/12","2020/8/12"
"New Jersey","Heavy Rain","2020/8/13","2020/8/13"
"Pennsylvania","Heavy Rain","2020/8/13","2020/8/13"
"Maryland","Heavy Rain","2020/8/13","2020/8/13"
"Ohio","Heavy Rain","2020/3/21","2020/3/21"
"Ohio","Heavy Rain","2020/3/22","2020/3/22"
"Georgia","Heavy Rain","2020/2/7","2020/2/7"
"Florida","Heavy Rain","2020/6/18","2020/6/18"
"Iowa","Heavy Rain","2020/6/23","2020/6/26"
"New Mexico","Heavy Rain","2020/9/9","2020/9/9"
"Puerto Rico","Heavy Rain","2020/9/21","2020/9/21"
"Maryland","Heavy Rain","2020/4/13","2020/4/13"
"Mississippi","Heavy Rain","2020/4/19","2020/4/19"
"Florida","Heavy Rain","2020/5/26","2020/5/26"
"Mississippi","Heavy Rain","2020/4/22","2020/4/23"
"Virginia","Heavy Rain","2020/4/30","2020/4/30"
"Arizona","Heavy Rain / Burn Area","2020/8/29","2020/8/29"
"Kansas","Heavy Rain","2020/7/24","2020/7/24"
"Mississippi","Heavy Rain","2020/4/12","2020/4/12"
"Louisiana","Heavy Rain","2020/4/23","2020/4/23"
"Texas","Heavy Rain","2020/9/9","2020/9/9"
"New York","Heavy Rain","2020/9/10","2020/9/10"
"Colorado","Heavy Rain / Burn Area","2020/8/26","2020/8/26"
"South Carolina","Heavy Rain","2020/2/7","2020/2/7"
"South Carolina","Heavy Rain","2020/2/6","2020/2/7"
"Oklahoma","Heavy Rain","2020/8/31","2020/8/31"
"Minnesota","Heavy Rain","2020/8/14","2020/8/14"
"Tennessee","Heavy Rain","2020/3/24","2020/3/24"
"Texas","Heavy Rain","2020/7/27","2020/7/27"
"Ohio","Heavy Rain","2020/4/6","2020/4/30"
"Pennsylvania","Heavy Rain","2020/4/1","2020/4/30"
"South Dakota","Heavy Rain / Snow Melt","2020/4/1","2020/4/30"
"Hawaii","Heavy Rain","2020/3/28","2020/3/28"
"Idaho","Heavy Rain","2020/4/30","2020/4/30"
"Iowa","Heavy Rain","2020/3/21","2020/3/23"
"California","Heavy Rain","2020/12/2","2020/12/2"
"Michigan","Heavy Rain","2020/10/2","2020/10/2"
"Nebraska","Heavy Rain","2020/7/29","2020/7/29"
"Iowa","Heavy Rain","2020/4/1","2020/4/3"
"Nebraska","Heavy Rain","2020/7/26","2020/7/26"
"Nebraska","Heavy Rain","2020/6/18","2020/6/18"
"New York","Heavy Rain / Snow Melt","2020/12/2","2020/12/2"
"South Dakota","Heavy Rain","2020/4/1","2020/4/1"
"Minnesota","Heavy Rain","2020/4/2","2020/4/4"
"Georgia","Heavy Rain","2020/10/1","2020/10/1"
"Michigan","Heavy Rain","2020/5/18","2020/5/18"
"Texas","Heavy Rain","2020/7/25","2020/7/26"
"Virginia","Heavy Rain","2020/10/2","2020/10/2"
"Alabama","Heavy Rain","2020/2/10","2020/2/10"
"Florida","Heavy Rain","2020/10/1","2020/10/1"
"Texas","Heavy Rain","2020/7/26","2020/7/31"
"Texas","Heavy Rain","2020/7/26","2020/7/26"
"Nebraska","Heavy Rain","2020/5/22","2020/5/22"
"Alaska","Heavy Rain / Snow Melt","2020/12/1","2020/12/2"
"Alaska","Heavy Rain / Snow Melt","2020/12/1","2020/12/3"
"Virginia","Heavy Rain","2020/10/2","2020/10/3"
"New Mexico","Heavy Rain","2020/7/24","2020/7/24"
"Maryland","Heavy Rain","2020/10/2","2020/10/2"
"Maryland","Heavy Rain","2020/10/2","2020/10/3"
"Maryland","Heavy Rain","2020/10/3","2020/10/3"
"Kentucky","Heavy Rain","2020/1/1","2020/1/9"
"Missouri","Heavy Rain","2020/1/11","2020/1/21"
"Missouri","Heavy Rain","2020/1/13","2020/1/25"
"Louisiana","Heavy Rain","2020/1/2","2020/1/2"
"West Virginia","Heavy Rain","2020/1/25","2020/1/25"
"Ohio","Heavy Rain","2020/1/24","2020/1/25"
"Maine","Ice Jam","2020/1/20","2020/1/20"
"Arkansas","Heavy Rain","2020/3/24","2020/3/24"
"Michigan","Heavy Rain","2020/1/11","2020/1/14"
"Nebraska","Heavy Rain","2020/6/8","2020/6/8"
"Illinois","Heavy Rain","2020/1/11","2020/1/12"
"Alabama","Heavy Rain","2020/2/18","2020/2/18"
"Tennessee","Heavy Rain","2020/1/11","2020/1/11"
"Virginia","Heavy Rain","2020/6/17","2020/6/18"
"Missouri","Heavy Rain","2020/1/18","2020/1/18"
"Virginia","Heavy Rain","2020/6/20","2020/6/20"
"New Mexico","Heavy Rain","2020/7/22","2020/7/22"
"Missouri","Heavy Rain","2020/1/17","2020/1/17"
"Missouri","Heavy Rain","2020/1/17","2020/1/18"
"Illinois","Heavy Rain","2020/7/1","2020/7/1"
"Indiana","Heavy Rain","2020/1/11","2020/1/11"
"Oklahoma","Heavy Rain","2020/1/10","2020/1/10"
"Ohio","Heavy Rain","2020/1/25","2020/1/25"
"Illinois","Heavy Rain","2020/3/27","2020/3/28"
"Virginia","Heavy Rain","2020/1/25","2020/1/25"
"Arkansas","Heavy Rain","2020/1/10","2020/1/11"
"Arkansas","Heavy Rain","2020/1/11","2020/1/11"
"Oklahoma","Heavy Rain","2020/1/11","2020/1/11"
"Oklahoma","Heavy Rain","2020/1/11","2020/1/12"
"Oklahoma","Heavy Rain","2020/1/11","2020/1/13"
"South Carolina","Heavy Rain","2020/1/13","2020/1/13"
"Oklahoma","Heavy Rain","2020/1/10","2020/1/11"
"Iowa","Heavy Rain","2020/3/27","2020/3/28"
"Missouri","Heavy Rain","2020/3/19","2020/3/19"
"Oklahoma","Heavy Rain","2020/3/18","2020/3/18"
"Oklahoma","Heavy Rain","2020/3/19","2020/3/19"
"Texas","Heavy Rain","2020/3/4","2020/3/4"
"Arkansas","Heavy Rain","2020/3/12","2020/3/12"
"Missouri","Heavy Rain","2020/3/2","2020/3/2"
"Kentucky","Heavy Rain","2020/3/12","2020/3/12"
"Kentucky","Heavy Rain","2020/3/28","2020/3/28"
"Delaware","Heavy Rain","2020/8/4","2020/8/4"
"Virginia","Heavy Rain","2020/3/25","2020/3/25"
"West Virginia","Heavy Rain","2020/3/13","2020/3/13"
"Illinois","Heavy Rain","2020/3/12","2020/3/12"
"Arkansas","Heavy Rain","2020/3/1","2020/3/31"
"Arkansas","Heavy Rain","2020/3/1","2020/3/5"
"Arkansas","Heavy Rain","2020/3/1","2020/3/3"
"Arkansas","Heavy Rain","2020/3/1","2020/3/13"
"Oklahoma","Heavy Rain","2020/3/19","2020/3/20"
"Texas","Heavy Rain","2020/3/15","2020/3/15"
"Texas","Heavy Rain","2020/3/21","2020/3/21"
"Pennsylvania","Heavy Rain","2020/3/1","2020/3/31"
"Missouri","Heavy Rain","2020/3/24","2020/3/24"
"Missouri","Heavy Rain","2020/7/30","2020/7/30"
"Missouri","Heavy Rain","2020/7/31","2020/7/31"
"Missouri","Heavy Rain","2020/3/19","2020/3/20"
"Missouri","Heavy Rain","2020/3/20","2020/3/21"
"Missouri","Heavy Rain","2020/3/21","2020/3/22"
"Illinois","Heavy Rain","2020/3/20","2020/3/31"
"Illinois","Heavy Rain","2020/3/18","2020/3/31"
"Illinois","Heavy Rain","2020/3/28","2020/3/29"
"Ohio","Heavy Rain","2020/3/19","2020/3/20"
"Arkansas","Heavy Rain","2020/1/11","2020/1/31"
"Arkansas","Heavy Rain","2020/1/13","2020/1/31"
"Alabama","Heavy Rain","2020/3/24","2020/3/24"
"Kansas","Heavy Rain","2020/3/14","2020/3/14"
"Montana","Heavy Rain / Snow Melt","2020/3/31","2020/3/31"
"California","Heavy Rain","2020/8/18","2020/8/18"
"Missouri","Heavy Rain","2020/3/20","2020/3/20"
"Indiana","Heavy Rain","2020/3/21","2020/3/31"
"Arkansas","Heavy Rain","2020/3/14","2020/3/31"
"Arkansas","Heavy Rain","2020/3/17","2020/3/31"
"Arkansas","Heavy Rain","2020/3/15","2020/3/29"
"Arkansas","Heavy Rain","2020/3/19","2020/3/19"
"Arkansas","Heavy Rain","2020/3/23","2020/3/31"
"Arkansas","Heavy Rain","2020/3/19","2020/3/23"
"Arkansas","Heavy Rain","2020/3/19","2020/3/25"
"Kentucky","Heavy Rain","2020/3/2","2020/3/3"
"Arkansas","Heavy Rain","2020/1/12","2020/1/12"
"Alaska","Heavy Rain","2020/6/22","2020/6/24"
"Missouri","Heavy Rain","2020/1/10","2020/1/11"
"Missouri","Heavy Rain","2020/6/3","2020/6/4"
"Missouri","Heavy Rain","2020/3/14","2020/3/15"
"Missouri","Heavy Rain","2020/3/16","2020/3/16"
"Indiana","Heavy Rain","2020/3/20","2020/3/31"
"Arkansas","Heavy Rain","2020/3/31","2020/3/31"
"Ohio","Heavy Rain","2020/3/20","2020/3/22"
"Kentucky","Heavy Rain","2020/3/3","2020/3/3"
"Arkansas","Heavy Rain","2020/1/12","2020/1/26"
"Arkansas","Heavy Rain","2020/1/11","2020/1/12"
"Alabama","Heavy Rain","2020/3/25","2020/3/25"
"Indiana","Heavy Rain","2020/3/19","2020/3/31"
"Kentucky","Heavy Rain","2020/3/21","2020/3/31"
"Kentucky","Heavy Rain","2020/3/23","2020/3/31"
"Georgia","Heavy Rain","2020/1/13","2020/1/13"
"Missouri","Heavy Rain","2020/3/11","2020/3/11"
"Missouri","Heavy Rain","2020/3/15","2020/3/15"
"Missouri","Heavy Rain","2020/3/13","2020/3/14"
"Missouri","Heavy Rain","2020/3/14","2020/3/14"
"Kentucky","Heavy Rain","2020/3/20","2020/3/31"
"Missouri","Heavy Rain","2020/3/21","2020/3/31"
"Missouri","Heavy Rain","2020/3/18","2020/3/31"
"Ohio","Heavy Rain","2020/3/1","2020/3/31"
"North Dakota","Heavy Rain / Snow Melt","2020/3/31","2020/3/31"
"Alabama","Heavy Rain","2020/3/23","2020/3/23"
"Missouri","Heavy Rain","2020/3/2","2020/3/3"
"Arkansas","Heavy Rain","2020/1/1","2020/1/7"
"Wisconsin","Heavy Rain / Snow Melt","2020/3/28","2020/3/31"
"Nevada","Heavy Rain","2020/3/12","2020/3/13"
"Alabama","Heavy Rain","2020/3/23","2020/3/30"
"California","Heavy Rain","2020/3/10","2020/3/11"
"Arkansas","Heavy Rain","2020/1/2","2020/1/31"
"Arkansas","Heavy Rain","2020/1/19","2020/1/31"
"Illinois","Heavy Rain","2020/5/24","2020/5/24"
"Illinois","Heavy Rain","2020/6/22","2020/6/22"
"Missouri","Heavy Rain","2020/6/22","2020/6/22"
"Texas","Heavy Rain","2020/3/18","2020/3/18"
"Texas","Heavy Rain","2020/3/18","2020/3/19"
"New Mexico","Heavy Rain / Burn Area","2020/7/4","2020/7/4"
"New Mexico","Heavy Rain / Burn Area","2020/7/19","2020/7/19"
"New Mexico","Heavy Rain","2020/7/19","2020/7/19"
"Georgia","Heavy Rain","2020/3/5","2020/3/5"
"Georgia","Heavy Rain","2020/3/4","2020/3/5"
"Illinois","Heavy Rain","2020/3/1","2020/3/31"
"Illinois","Heavy Rain","2020/3/19","2020/3/31"
"Illinois","Heavy Rain","2020/3/23","2020/3/31"
"Illinois","Heavy Rain","2020/3/21","2020/3/31"
"Arkansas","Heavy Rain","2020/1/12","2020/1/14"
"South Dakota","Heavy Rain / Snow Melt","2020/3/1","2020/3/31"
"Kentucky","Heavy Rain","2020/3/3","2020/3/8"
"Kentucky","Heavy Rain","2020/3/15","2020/3/31"
"Kentucky","Heavy Rain","2020/3/20","2020/3/30"
"Missouri","Heavy Rain","2020/3/1","2020/3/1"
"California","Heavy Rain","2020/3/12","2020/3/13"
"Arkansas","Heavy Rain","2020/1/11","2020/1/13"
"Arkansas","Heavy Rain","2020/1/16","2020/1/31"
"South Dakota","Heavy Rain / Snow Melt","2020/3/8","2020/3/31"
"South Dakota","Heavy Rain / Snow Melt","2020/3/13","2020/3/20"
"Utah","Heavy Rain","2020/3/13","2020/3/13"
"Texas","Heavy Rain","2020/3/21","2020/3/24"
"Georgia","Heavy Rain","2020/3/4","2020/3/4"
"Georgia","Heavy Rain","2020/3/5","2020/3/6"
"Arizona","Heavy Rain / Snow Melt","2020/3/12","2020/3/13"
"Arizona","Heavy Rain","2020/3/19","2020/3/20"
"Kentucky","Heavy Rain","2020/3/13","2020/3/13"
"Texas","Heavy Rain","2020/3/26","2020/3/30"
"Indiana","Heavy Rain","2020/3/28","2020/3/28"
"South Dakota","Heavy Rain / Snow Melt","2020/3/9","2020/3/22"
"South Dakota","Heavy Rain / Snow Melt","2020/3/7","2020/3/10"
"South Dakota","Heavy Rain / Snow Melt","2020/3/9","2020/3/31"
"Georgia","Dam / Levee Break","2020/3/4","2020/3/4"
"Montana","Heavy Rain / Snow Melt","2020/3/1","2020/3/2"
"Montana","Heavy Rain / Snow Melt","2020/3/6","2020/3/11"
"Tennessee","Heavy Rain","2020/3/3","2020/3/3"
"Georgia","Heavy Rain","2020/3/1","2020/3/1"
"California","Heavy Rain","2020/3/23","2020/3/23"
"Wisconsin","Heavy Rain / Snow Melt","2020/3/1","2020/3/31"
"Oklahoma","Heavy Rain","2020/3/19","2020/3/21"
"Oklahoma","Heavy Rain","2020/3/19","2020/3/22"
"Montana","Heavy Rain / Snow Melt","2020/3/7","2020/3/12"
"Montana","Heavy Rain / Snow Melt","2020/3/10","2020/3/11"
"Indiana","Heavy Rain","2020/3/28","2020/3/29"
"California","Heavy Rain","2020/3/25","2020/3/25"
"Illinois","Heavy Rain","2020/3/19","2020/3/19"
"South Dakota","Heavy Rain","2020/1/1","2020/1/31"
"Indiana","Heavy Rain","2020/3/19","2020/3/19"
"Illinois","Heavy Rain","2020/3/20","2020/3/22"
"Virginia","Heavy Rain","2020/8/4","2020/8/4"
"Missouri","Heavy Rain","2020/5/4","2020/5/4"
"Missouri","Heavy Rain","2020/5/25","2020/5/25"
"Illinois","Heavy Rain","2020/5/1","2020/5/13"
"Illinois","Heavy Rain","2020/5/1","2020/5/12"
"Alaska","Heavy Rain / Snow Melt","2020/5/6","2020/5/10"
"Alaska","Ice Jam","2020/5/1","2020/5/4"
"North Carolina","Heavy Rain","2020/5/29","2020/5/29"
"Ohio","Heavy Rain","2020/5/25","2020/5/25"
"Illinois","Heavy Rain","2020/5/17","2020/5/17"
"Virginia","Heavy Rain","2020/2/6","2020/2/6"
"Missouri","Heavy Rain","2020/5/13","2020/5/13"
"Kansas","Heavy Rain","2020/5/12","2020/5/12"
"North Carolina","Heavy Rain","2020/5/21","2020/5/21"
"Arkansas","Heavy Rain","2020/5/22","2020/5/23"
"Ohio","Heavy Rain","2020/5/19","2020/5/19"
"Virginia","Heavy Rain","2020/5/16","2020/5/16"
"Louisiana","Heavy Rain","2020/5/20","2020/5/20"
"Kentucky","Heavy Rain","2020/5/5","2020/5/5"
"Kentucky","Heavy Rain","2020/5/19","2020/5/19"
"Mississippi","Heavy Rain","2020/5/26","2020/5/26"
"Mississippi","Heavy Rain","2020/5/27","2020/5/27"
"Illinois","Heavy Rain","2020/5/1","2020/5/11"
"Illinois","Heavy Rain","2020/5/1","2020/5/4"
"Illinois","Heavy Rain","2020/5/5","2020/5/7"
"Indiana","Heavy Rain","2020/5/6","2020/5/9"
"Indiana","Heavy Rain","2020/5/5","2020/5/8"
"Missouri","Heavy Rain","2020/5/1","2020/5/6"
"Nebraska","Heavy Rain","2020/5/22","2020/5/24"
"Michigan","Heavy Rain","2020/5/20","2020/5/21"
"Missouri","Heavy Rain","2020/5/15","2020/5/15"
"Missouri","Heavy Rain","2020/5/17","2020/5/17"
"Pennsylvania","Heavy Rain","2020/2/13","2020/2/13"
"Virginia","Heavy Rain","2020/5/24","2020/5/24"
"Texas","Heavy Rain","2020/5/11","2020/5/11"
"North Carolina","Heavy Rain / Tropical System","2020/5/28","2020/5/28"
"South Carolina","Heavy Rain / Tropical System","2020/5/28","2020/5/28"
"South Carolina","Heavy Rain","2020/5/29","2020/5/29"
"Wisconsin","Heavy Rain","2020/5/28","2020/5/28"
"Virginia","Heavy Rain","2020/5/29","2020/5/29"
"Indiana","Heavy Rain","2020/5/23","2020/5/23"
"Illinois","Heavy Rain","2020/5/21","2020/5/31"
"Illinois","Heavy Rain","2020/5/23","2020/5/31"
"Illinois","Heavy Rain","2020/5/26","2020/5/31"
"Illinois","Heavy Rain","2020/5/22","2020/5/27"
"Illinois","Heavy Rain","2020/5/22","2020/5/26"
"Kentucky","Heavy Rain","2020/5/24","2020/5/31"
"Michigan","Heavy Rain","2020/5/18","2020/5/19"
"Virginia","Heavy Rain","2020/5/21","2020/5/22"
"Virginia","Heavy Rain","2020/5/21","2020/5/21"
"Ohio","Heavy Rain","2020/2/13","2020/2/13"
"Alabama","Heavy Rain","2020/2/11","2020/2/11"
"New York","Heavy Rain","2020/5/15","2020/5/15"
"Arizona","Heavy Rain","2020/5/10","2020/5/10"
"Ohio","Heavy Rain","2020/5/20","2020/5/21"
"Pennsylvania","Heavy Rain","2020/5/29","2020/5/29"
"West Virginia","Heavy Rain","2020/12/2","2020/12/2"
"Virginia","Heavy Rain","2020/12/1","2020/12/1"
"Missouri","Heavy Rain","2020/5/18","2020/5/31"
"Missouri","Heavy Rain","2020/5/31","2020/5/31"
"South Carolina","Heavy Rain","2020/5/24","2020/5/24"
"Michigan","Heavy Rain","2020/5/18","2020/5/26"
"Texas","Heavy Rain","2020/5/15","2020/5/15"
"Ohio","Heavy Rain","2020/5/18","2020/5/18"
"Arkansas","Heavy Rain","2020/5/23","2020/5/23"
"Nebraska","Heavy Rain","2020/5/24","2020/5/24"
"New Hampshire","Heavy Rain / Snow Melt","2020/5/27","2020/5/27"
"Kentucky","Heavy Rain","2020/5/25","2020/5/25"
"Kentucky","Heavy Rain","2020/7/1","2020/7/1"
"Florida","Heavy Rain","2020/5/25","2020/5/25"
"Michigan","Dam / Levee Break","2020/5/19","2020/5/20"
"North Carolina","Heavy Rain","2020/5/22","2020/5/22"
"Louisiana","Heavy Rain","2020/5/14","2020/5/14"
"Georgia","Heavy Rain","2020/2/20","2020/2/29"
"Missouri","Heavy Rain","2020/5/12","2020/5/12"
"Massachusetts","Heavy Rain","2020/5/23","2020/5/23"
"Kentucky","Heavy Rain","2020/5/24","2020/5/24"
"Illinois","Heavy Rain","2020/5/23","2020/5/23"
"California","Heavy Rain","2020/5/18","2020/5/18"
"Michigan","Heavy Rain","2020/5/18","2020/5/31"
"South Carolina","Heavy Rain","2020/5/27","2020/5/27"
"Wisconsin","Heavy Rain","2020/5/18","2020/5/19"
"South Dakota","Heavy Rain","2020/5/16","2020/5/16"
"Illinois","Heavy Rain","2020/5/14","2020/5/15"
"Utah","Heavy Rain","2020/5/11","2020/5/11"
"Idaho","Heavy Rain / Snow Melt","2020/2/7","2020/2/8"
"Texas","Heavy Rain","2020/5/27","2020/5/27"
"Illinois","Heavy Rain","2020/5/25","2020/5/25"
"Kansas","Heavy Rain","2020/5/14","2020/5/14"
"Kansas","Heavy Rain","2020/5/14","2020/5/15"
"South Carolina","Heavy Rain","2020/5/20","2020/5/20"
"South Carolina","Heavy Rain","2020/5/20","2020/5/21"
"Wisconsin","Heavy Rain","2020/5/1","2020/5/5"
"Virginia","Heavy Rain","2020/12/2","2020/12/2"
"Illinois","Heavy Rain","2020/5/16","2020/5/16"
"Idaho","Heavy Rain","2020/2/7","2020/2/7"
"Texas","Heavy Rain","2020/5/14","2020/5/14"
"Kansas","Heavy Rain","2020/5/13","2020/5/13"
"Arkansas","Heavy Rain","2020/5/16","2020/5/16"
"North Carolina","Heavy Rain","2020/5/27","2020/5/27"
"North Carolina","Heavy Rain","2020/5/27","2020/5/28"
"Illinois","Heavy Rain","2020/5/16","2020/5/17"
"Kansas","Heavy Rain","2020/5/28","2020/5/28"
"Arkansas","Heavy Rain","2020/5/17","2020/5/17"
"Arkansas","Heavy Rain","2020/5/27","2020/5/27"
"Wisconsin","Heavy Rain","2020/5/17","2020/5/18"
"Florida","Heavy Rain","2020/5/16","2020/5/16"
"Florida","Heavy Rain","2020/5/15","2020/5/15"
"Ohio","Heavy Rain","2020/5/15","2020/5/15"
"Texas","Heavy Rain","2020/5/16","2020/5/16"
"Kansas","Heavy Rain","2020/5/15","2020/5/15"
"Illinois","Heavy Rain","2020/5/15","2020/5/15"
"Kansas","Heavy Rain","2020/5/22","2020/5/22"
"Virginia","Heavy Rain","2020/5/20","2020/5/22"
"Ohio","Heavy Rain","2020/5/24","2020/5/24"
"Wisconsin","Heavy Rain","2020/5/17","2020/5/20"
"Wisconsin","Heavy Rain","2020/5/18","2020/5/20"
"South Dakota","Heavy Rain","2020/5/23","2020/5/23"
"North Carolina","Heavy Rain","2020/5/28","2020/5/28"
"Virginia","Heavy Rain","2020/5/20","2020/5/23"
"Virginia","Heavy Rain","2020/5/21","2020/5/24"
"Virginia","Heavy Rain","2020/5/21","2020/5/25"
"Virginia","Heavy Rain","2020/5/21","2020/5/27"
"Missouri","Heavy Rain","2020/5/14","2020/5/14"
"Texas","Heavy Rain","2020/5/25","2020/5/25"
"Arkansas","Heavy Rain","2020/5/1","2020/5/31"
"Arkansas","Heavy Rain","2020/5/1","2020/5/4"
"Arkansas","Heavy Rain","2020/5/1","2020/5/6"
"Arkansas","Heavy Rain","2020/5/1","2020/5/2"
"Arkansas","Heavy Rain","2020/5/8","2020/5/12"
"Arkansas","Heavy Rain","2020/5/13","2020/5/31"
"Arkansas","Heavy Rain","2020/5/8","2020/5/15"
"Oklahoma","Heavy Rain","2020/5/16","2020/5/16"
"South Carolina","Heavy Rain","2020/5/28","2020/5/28"
"Oklahoma","Heavy Rain","2020/5/15","2020/5/15"
"Kentucky","Heavy Rain","2020/5/18","2020/5/18"
"Florida","Heavy Rain","2020/5/18","2020/5/18"
"Kansas","Heavy Rain","2020/5/25","2020/5/25"
"West Virginia","Heavy Rain","2020/2/6","2020/2/8"
"Tennessee","Heavy Rain","2020/2/5","2020/2/5"
"Missouri","Heavy Rain","2020/5/16","2020/5/16"
"Missouri","Heavy Rain","2020/5/14","2020/5/15"
"Arkansas","Heavy Rain","2020/5/22","2020/5/31"
"Arkansas","Heavy Rain","2020/5/18","2020/5/25"
"Arkansas","Heavy Rain","2020/5/17","2020/5/20"
"Arkansas","Heavy Rain","2020/5/17","2020/5/19"
"Arkansas","Heavy Rain","2020/5/17","2020/5/18"
"Arkansas","Heavy Rain","2020/5/24","2020/5/31"
"Arkansas","Heavy Rain","2020/5/27","2020/5/31"
"Arkansas","Heavy Rain","2020/5/23","2020/5/24"
"Arkansas","Heavy Rain","2020/5/23","2020/5/25"
"Wisconsin","Heavy Rain","2020/5/1","2020/5/31"
"Montana","Heavy Rain / Snow Melt","2020/5/31","2020/5/31"
"Montana","Heavy Rain / Snow Melt","2020/5/20","2020/5/20"
"Montana","Heavy Rain / Snow Melt","2020/5/19","2020/5/31"
"Wisconsin","Dam / Levee Break","2020/5/27","2020/5/27"
"Alabama","Heavy Rain","2020/2/5","2020/2/5"
"Oklahoma","Heavy Rain","2020/2/24","2020/2/28"
"Virginia","Heavy Rain","2020/5/20","2020/5/21"
"Texas","Heavy Rain","2020/5/24","2020/5/24"
"Colorado","Heavy Rain","2020/5/30","2020/5/30"
"District of Columbia","Heavy Rain","2020/12/2","2020/12/2"
"Illinois","Heavy Rain","2020/5/25","2020/5/26"
"Kansas","Heavy Rain","2020/5/24","2020/5/25"
"West Virginia","Heavy Rain","2020/2/6","2020/2/6"
"West Virginia","Heavy Rain","2020/2/6","2020/2/7"
"Virginia","Heavy Rain","2020/5/22","2020/5/22"
"Ohio","Heavy Rain","2020/5/18","2020/5/19"
"Oklahoma","Heavy Rain","2020/5/24","2020/5/24"
"Maryland","Heavy Rain","2020/12/1","2020/12/1"
"Illinois","Heavy Rain","2020/5/17","2020/5/19"
"Illinois","Heavy Rain","2020/5/17","2020/5/20"
"Missouri","Heavy Rain","2020/5/12","2020/5/13"
"Virginia","Heavy Rain","2020/5/24","2020/5/25"
"Missouri","Heavy Rain","2020/5/24","2020/5/25"
"Indiana","Heavy Rain","2020/5/22","2020/5/29"
"Indiana","Heavy Rain","2020/5/22","2020/5/30"
"Indiana","Heavy Rain","2020/5/22","2020/5/27"
"Indiana","Heavy Rain","2020/5/22","2020/5/26"
"Indiana","Heavy Rain","2020/5/19","2020/5/26"
"Texas","Heavy Rain","2020/5/24","2020/5/25"
"Kentucky","Heavy Rain","2020/5/19","2020/5/20"
"Texas","Heavy Rain","2020/5/23","2020/5/23"
"Wisconsin","Heavy Rain","2020/5/17","2020/5/26"
"Ohio","Heavy Rain","2020/5/1","2020/5/31"
"Illinois","Heavy Rain","2020/5/17","2020/5/18"
"North Carolina","Heavy Rain","2020/5/20","2020/5/21"
"Texas","Heavy Rain","2020/5/12","2020/5/12"
"Indiana","Heavy Rain","2020/5/20","2020/5/27"
"Indiana","Heavy Rain","2020/5/17","2020/5/17"
"Wisconsin","Heavy Rain","2020/5/1","2020/5/1"
"Maryland","Heavy Rain","2020/12/5","2020/12/5"
"Virginia","Heavy Rain","2020/5/3","2020/5/4"
"Missouri","Heavy Rain","2020/5/28","2020/5/28"
"Missouri","Heavy Rain","2020/5/18","2020/5/18"
"Texas","Heavy Rain","2020/5/21","2020/5/21"
"West Virginia","Heavy Rain","2020/5/1","2020/5/1"
"West Virginia","Heavy Rain","2020/5/1","2020/5/2"
"Maryland","Heavy Rain","2020/5/1","2020/5/1"
"Arkansas","Heavy Rain","2020/5/15","2020/5/15"
"Mississippi","Heavy Rain","2020/2/10","2020/2/10"
"Kentucky","Heavy Rain","2020/4/13","2020/4/13"
"California","Heavy Rain","2020/4/5","2020/4/5"
"Michigan","Heavy Rain","2020/4/29","2020/4/30"
"Indiana","Heavy Rain","2020/4/25","2020/4/25"
"Mississippi","Heavy Rain","2020/1/2","2020/1/2"
"Alabama","Heavy Rain","2020/2/6","2020/2/6"
"Indiana","Heavy Rain","2020/4/1","2020/4/6"
"Indiana","Heavy Rain","2020/4/1","2020/4/3"
"Indiana","Heavy Rain","2020/4/1","2020/4/5"
"Illinois","Heavy Rain","2020/4/1","2020/4/8"
"Illinois","Heavy Rain","2020/4/1","2020/4/7"
"Illinois","Heavy Rain","2020/4/1","2020/4/11"
"Missouri","Heavy Rain","2020/4/25","2020/4/25"
"Illinois","Heavy Rain","2020/4/30","2020/4/30"
"Illinois","Heavy Rain","2020/4/29","2020/4/30"
"Alabama","Heavy Rain","2020/4/12","2020/4/13"
"Louisiana","Heavy Rain","2020/4/19","2020/4/19"
"Mississippi","Heavy Rain","2020/1/3","2020/1/3"
"Illinois","Heavy Rain","2020/4/1","2020/4/6"
"Illinois","Heavy Rain","2020/4/1","2020/4/5"
"Illinois","Heavy Rain","2020/4/1","2020/4/4"
"Missouri","Heavy Rain","2020/4/1","2020/4/11"
"Missouri","Heavy Rain","2020/4/28","2020/4/28"
"Wisconsin","Heavy Rain / Snow Melt","2020/4/2","2020/4/12"
"Wisconsin","Heavy Rain / Snow Melt","2020/4/1","2020/4/2"
"Pennsylvania","Heavy Rain","2020/6/23","2020/6/23"
"Wisconsin","Heavy Rain / Snow Melt","2020/4/1","2020/4/4"
"Montana","Heavy Rain / Snow Melt","2020/4/1","2020/4/2"
"Illinois","Heavy Rain","2020/4/1","2020/4/30"
"Illinois","Heavy Rain","2020/4/26","2020/4/26"
"Iowa","Heavy Rain / Snow Melt","2020/4/1","2020/4/17"
"Iowa","Heavy Rain / Snow Melt","2020/4/3","2020/4/16"
"Tennessee","Heavy Rain","2020/6/29","2020/6/29"
"Arkansas","Heavy Rain","2020/4/1","2020/4/30"
"Hawaii","Heavy Rain","2020/4/6","2020/4/6"
"Mississippi","Heavy Rain","2020/1/14","2020/1/14"
"Wisconsin","Heavy Rain","2020/4/29","2020/4/30"
"Illinois","Heavy Rain","2020/4/28","2020/4/28"
"Arkansas","Heavy Rain","2020/4/1","2020/4/20"
"Arkansas","Heavy Rain","2020/4/1","2020/4/8"
"Arkansas","Heavy Rain","2020/4/1","2020/4/6"
"Arkansas","Heavy Rain","2020/4/1","2020/4/1"
"Arkansas","Heavy Rain","2020/4/1","2020/4/10"
"Arkansas","Heavy Rain","2020/4/13","2020/4/23"
"Arkansas","Heavy Rain","2020/4/21","2020/4/21"
"Arkansas","Heavy Rain","2020/4/24","2020/4/30"
"Arkansas","Heavy Rain","2020/4/23","2020/4/24"
"Tennessee","Heavy Rain","2020/4/12","2020/4/12"
"Minnesota","Heavy Rain / Tropical System","2020/4/2","2020/4/15"
"Arkansas","Heavy Rain","2020/4/24","2020/4/29"
"Arkansas","Heavy Rain","2020/4/29","2020/4/30"
"Arkansas","Heavy Rain","2020/4/30","2020/4/30"
"Louisiana","Heavy Rain","2020/2/10","2020/2/10"
"Alabama","Heavy Rain","2020/4/13","2020/4/13"
"Alabama","Heavy Rain","2020/4/12","2020/4/12"
"Wisconsin","Heavy Rain / Snow Melt","2020/4/1","2020/4/30"
"Illinois","Heavy Rain","2020/4/28","2020/4/30"
"North Carolina","Heavy Rain","2020/6/11","2020/6/11"
"Texas","Heavy Rain","2020/4/3","2020/4/3"
"Louisiana","Heavy Rain","2020/4/22","2020/4/22"
"Virginia","Heavy Rain","2020/4/29","2020/4/29"
"Wisconsin","Heavy Rain","2020/4/30","2020/4/30"
"Maine","Ice Jam","2020/4/5","2020/4/9"
"Georgia","Heavy Rain","2020/4/23","2020/4/24"
"North Carolina","Heavy Rain","2020/4/30","2020/4/30"
"Missouri","Heavy Rain","2020/4/8","2020/4/8"
"Kansas","Heavy Rain","2020/6/21","2020/6/21"
"North Carolina","Heavy Rain","2020/6/19","2020/6/19"
"Mississippi","Heavy Rain","2020/1/13","2020/1/13"
"Puerto Rico","Heavy Rain","2020/4/5","2020/4/6"
"Puerto Rico","Heavy Rain","2020/4/8","2020/4/8"
"Kentucky","Heavy Rain","2020/4/29","2020/4/29"
"California","Heavy Rain","2020/4/7","2020/4/10"
"North Carolina","Heavy Rain","2020/6/19","2020/6/20"
"North Carolina","Heavy Rain","2020/6/17","2020/6/17"
"California","Heavy Rain","2020/4/7","2020/4/9"
"California","Heavy Rain","2020/4/8","2020/4/9"
"Louisiana","Heavy Rain","2020/1/14","2020/1/14"
"Massachusetts","Heavy Rain","2020/8/23","2020/8/23"
"California","Heavy Rain","2020/4/8","2020/4/10"
"California","Heavy Rain","2020/4/9","2020/4/10"
"Mississippi","Heavy Rain","2020/2/18","2020/2/18"
"Maine","Heavy Rain / Snow Melt","2020/4/14","2020/4/14"
"Wisconsin","Heavy Rain","2020/6/9","2020/6/10"
"Tennessee","Heavy Rain","2020/4/12","2020/4/13"
"Tennessee","Heavy Rain","2020/4/13","2020/4/13"
"California","Heavy Rain","2020/4/17","2020/4/17"
"California","Heavy Rain","2020/4/18","2020/4/18"
"Pennsylvania","Heavy Rain","2020/4/30","2020/4/30"
"Texas","Heavy Rain","2020/4/12","2020/4/12"
"North Carolina","Heavy Rain","2020/4/13","2020/4/13"
"New York","Heavy Rain","2020/4/30","2020/4/30"
"Kansas","Heavy Rain","2020/4/11","2020/4/12"
"Missouri","Heavy Rain","2020/7/27","2020/7/27"
"Missouri","Heavy Rain","2020/1/11","2020/1/11"
"Michigan","Heavy Rain","2020/1/11","2020/1/12"
"Texas","Heavy Rain","2020/1/16","2020/1/16"
"South Dakota","Ice Jam","2020/1/18","2020/1/25"
"South Dakota","Ice Jam","2020/1/21","2020/1/22"
"Iowa","Heavy Rain","2020/3/29","2020/3/31"
"West Virginia","Heavy Rain","2020/5/28","2020/5/28"
"Texas","Heavy Rain","2020/1/10","2020/1/10"
"Kentucky","Heavy Rain","2020/1/11","2020/1/11"
"North Carolina","Heavy Rain","2020/1/11","2020/1/12"
"Texas","Heavy Rain","2020/1/10","2020/1/11"
"South Dakota","Heavy Rain / Snow Melt","2020/1/1","2020/1/31"
"Indiana","Heavy Rain","2020/4/7","2020/4/7"
"North Carolina","Heavy Rain","2020/1/11","2020/1/11"
"Hawaii","Heavy Rain","2020/1/11","2020/1/11"
"Missouri","Heavy Rain","2020/1/10","2020/1/10"
"Kentucky","Heavy Rain","2020/1/12","2020/1/16"
"Illinois","Heavy Rain","2020/1/13","2020/1/25"
"Illinois","Heavy Rain","2020/1/13","2020/1/24"
"Massachusetts","Heavy Rain","2020/8/27","2020/8/27"
"Michigan","Heavy Rain","2020/1/14","2020/1/21"
"Alabama","Heavy Rain","2020/4/23","2020/4/23"
"Hawaii","Heavy Rain","2020/1/11","2020/1/12"
"Illinois","Heavy Rain","2020/1/12","2020/1/21"
"Illinois","Heavy Rain","2020/1/12","2020/1/29"
"Illinois","Heavy Rain","2020/1/12","2020/1/28"
"Illinois","Heavy Rain","2020/1/11","2020/1/14"
"Illinois","Ice Jam","2020/1/21","2020/1/22"
"Maine","Heavy Rain / Snow Melt","2020/4/14","2020/4/15"
"Indiana","Heavy Rain","2020/1/12","2020/1/27"
"Indiana","Heavy Rain","2020/1/12","2020/1/28"
"Illinois","Heavy Rain","2020/1/12","2020/1/25"
"Illinois","Heavy Rain","2020/1/12","2020/1/18"
"Washington","Heavy Rain / Snow Melt","2020/1/28","2020/1/31"
"South Dakota","Ice Jam","2020/1/11","2020/1/31"
"California","Heavy Rain","2020/1/16","2020/1/16"
"Indiana","Heavy Rain","2020/1/10","2020/1/25"
"Indiana","Heavy Rain","2020/1/12","2020/1/29"
"Kentucky","Heavy Rain","2020/1/12","2020/1/24"
"Illinois","Heavy Rain","2020/1/11","2020/1/31"
"Idaho","Heavy Rain / Snow Melt","2020/1/1","2020/1/1"
"Texas","Heavy Rain","2020/4/22","2020/4/22"
"Oklahoma","Heavy Rain","2020/4/22","2020/4/22"
"Illinois","Heavy Rain","2020/1/2","2020/1/30"
"Illinois","Heavy Rain","2020/1/2","2020/1/31"
"Wisconsin","Ice Jam","2020/1/1","2020/1/2"
"North Carolina","Heavy Rain","2020/1/12","2020/1/12"
"Wisconsin","Heavy Rain / Snow Melt","2020/1/1","2020/1/31"
"Maine","Heavy Rain / Snow Melt","2020/4/14","2020/4/18"
"Missouri","Heavy Rain","2020/1/11","2020/1/12"
"Missouri","Heavy Rain","2020/1/13","2020/1/13"
"Minnesota","Heavy Rain / Snow Melt","2020/4/1","2020/4/15"
"Missouri","Heavy Rain","2020/1/11","2020/1/13"
"Kentucky","Heavy Rain","2020/4/1","2020/4/8"
"Kentucky","Heavy Rain","2020/4/1","2020/4/9"
"Kentucky","Heavy Rain","2020/4/1","2020/4/6"
"Kentucky","Heavy Rain","2020/4/1","2020/4/7"
"Kentucky","Heavy Rain","2020/4/1","2020/4/5"
"Missouri","Heavy Rain","2020/4/1","2020/4/30"
"Illinois","Heavy Rain","2020/1/10","2020/1/11"
"Alaska","Ice Jam","2020/1/9","2020/1/15"
"Illinois","Heavy Rain","2020/1/11","2020/1/11"
"Montana","Ice Jam","2020/1/15","2020/1/22"
"Alaska","Ice Jam","2020/1/1","2020/1/16"
"Indiana","Heavy Rain","2020/1/11","2020/1/23"
"West Virginia","Heavy Rain","2020/5/20","2020/5/21"
"Missouri","Heavy Rain","2020/5/27","2020/5/27"
"Pennsylvania","Heavy Rain","2020/3/28","2020/3/28"
"Iowa","Heavy Rain","2020/5/28","2020/5/28"
"Michigan","Heavy Rain","2020/5/18","2020/5/22"
"Alabama","Heavy Rain","2020/5/23","2020/5/23"
"Wisconsin","Heavy Rain","2020/4/29","2020/4/29"
"California","Heavy Rain","2020/4/10","2020/4/10"
"West Virginia","Heavy Rain","2020/4/8","2020/4/8"
"Virginia","Heavy Rain","2020/4/13","2020/4/14"
"Massachusetts","Heavy Rain","2020/6/28","2020/6/28"
"Florida","Heavy Rain","2020/5/26","2020/5/28"
"Michigan","Heavy Rain","2020/5/18","2020/5/20"
"South Dakota","Heavy Rain","2020/3/29","2020/3/31"
"Illinois","Heavy Rain","2020/5/28","2020/5/28"
"Ohio","Heavy Rain","2020/5/20","2020/5/22"
"Ohio","Heavy Rain","2020/5/21","2020/5/23"
"Rhode Island","Heavy Rain","2020/6/28","2020/6/28"
"Missouri","Heavy Rain","2020/5/22","2020/5/22"
"Missouri","Heavy Rain","2020/5/26","2020/5/26"
"Iowa","Heavy Rain","2020/5/29","2020/5/30"
"Iowa","Heavy Rain","2020/3/28","2020/3/31"
"North Carolina","Heavy Rain","2020/5/19","2020/5/19"
"California","Heavy Rain","2020/4/6","2020/4/6"
"West Virginia","Heavy Rain","2020/5/21","2020/5/21"
"Michigan","Dam / Levee Break","2020/5/18","2020/5/19"
"Nebraska","Heavy Rain","2020/5/25","2020/5/25"
"Ohio","Heavy Rain","2020/5/20","2020/5/23"
"Alabama","Heavy Rain","2020/4/19","2020/4/19"
"South Dakota","Heavy Rain / Snow Melt","2020/4/2","2020/4/12"
"Florida","Heavy Rain","2020/5/17","2020/5/17"
"Florida","Heavy Rain","2020/5/21","2020/5/21"
"Michigan","Heavy Rain","2020/5/28","2020/5/28"
"North Carolina","Heavy Rain","2020/5/20","2020/5/20"
"Ohio","Heavy Rain","2020/4/8","2020/4/9"
"West Virginia","Heavy Rain","2020/5/22","2020/5/22"
"South Dakota","Heavy Rain / Snow Melt","2020/4/1","2020/4/3"
"Indiana","Heavy Rain","2020/6/28","2020/6/28"
"Illinois","Heavy Rain","2020/6/30","2020/6/30"
"Florida","Heavy Rain","2020/5/24","2020/5/24"
"Florida","Heavy Rain","2020/5/10","2020/5/10"
"Maine","Heavy Rain / Snow Melt","2020/5/1","2020/5/1"
"West Virginia","Heavy Rain","2020/5/20","2020/5/20"
"Georgia","Heavy Rain","2020/4/19","2020/4/20"
"Florida","Heavy Rain","2020/6/7","2020/6/7"
"Ohio","Heavy Rain","2020/6/3","2020/6/3"
"Illinois","Heavy Rain","2020/6/1","2020/6/7"
"Illinois","Heavy Rain","2020/6/1","2020/6/5"
"Illinois","Heavy Rain","2020/6/1","2020/6/1"
"Georgia","Heavy Rain","2020/4/12","2020/4/13"
"Washington","Heavy Rain","2020/5/19","2020/5/19"
"Texas","Heavy Rain","2020/5/26","2020/5/26"
"West Virginia","Heavy Rain","2020/4/13","2020/4/13"
"Ohio","Heavy Rain","2020/5/20","2020/5/20"
"Florida","Heavy Rain","2020/4/11","2020/4/11"
"Maryland","Heavy Rain","2020/4/30","2020/4/30"
"West Virginia","Heavy Rain","2020/4/30","2020/4/30"
"Alaska","Ice Jam","2020/4/30","2020/4/30"
"Alaska","Ice Jam","2020/4/27","2020/4/30"
"Georgia","Heavy Rain","2020/6/12","2020/6/12"
"Texas","Heavy Rain","2020/5/22","2020/5/23"
"Iowa","Heavy Rain","2020/5/17","2020/5/30"
"Iowa","Heavy Rain","2020/5/18","2020/5/30"
"Iowa","Heavy Rain","2020/5/18","2020/5/31"
"Oklahoma","Heavy Rain","2020/5/4","2020/5/4"
"Texas","Heavy Rain","2020/5/8","2020/5/9"
"American Samoa","Heavy Rain","2020/4/10","2020/4/10"
"Michigan","Heavy Rain","2020/4/30","2020/4/30"
"Georgia","Heavy Rain","2020/4/13","2020/4/13"
"Oklahoma","Heavy Rain","2020/5/26","2020/5/29"
"Iowa","Heavy Rain","2020/5/18","2020/5/19"
"Iowa","Heavy Rain","2020/5/26","2020/5/28"
"Indiana","Heavy Rain","2020/5/16","2020/5/16"
"West Virginia","Heavy Rain","2020/4/13","2020/4/14"
"California","Heavy Rain","2020/4/7","2020/4/7"
"Oklahoma","Heavy Rain","2020/5/26","2020/5/31"
"Oklahoma","Heavy Rain","2020/5/15","2020/5/17"
"Texas","Heavy Rain","2020/5/12","2020/5/13"
"California","Heavy Rain","2020/4/8","2020/4/8"
"Arizona","Heavy Rain","2020/4/12","2020/4/12"
"New Hampshire","Heavy Rain / Snow Melt","2020/4/14","2020/4/14"
"California","Heavy Rain","2020/4/9","2020/4/9"
"South Dakota","Heavy Rain / Snow Melt","2020/5/1","2020/5/31"
"New Jersey","Heavy Rain","2020/8/4","2020/8/4"
"New York","Heavy Rain","2020/8/13","2020/8/13"
"Oklahoma","Heavy Rain","2020/5/15","2020/5/18"
"Oklahoma","Heavy Rain","2020/5/27","2020/5/27"
"Ohio","Heavy Rain","2020/5/22","2020/5/22"
"Puerto Rico","Heavy Rain","2020/4/7","2020/4/8"
"New Hampshire","Heavy Rain / Snow Melt","2020/4/13","2020/4/13"
"New Hampshire","Heavy Rain / Snow Melt","2020/4/13","2020/4/14"
"Georgia","Heavy Rain","2020/4/20","2020/4/20"
"Georgia","Heavy Rain","2020/4/29","2020/4/30"
"North Carolina","Heavy Rain","2020/6/16","2020/6/16"
"North Carolina","Heavy Rain","2020/5/20","2020/5/22"
"Iowa","Heavy Rain / Snow Melt","2020/3/9","2020/3/9"
"West Virginia","Heavy Rain","2020/3/28","2020/3/28"
"Maine","Heavy Rain / Snow Melt","2020/4/4","2020/4/4"
"Iowa","Heavy Rain / Snow Melt","2020/4/11","2020/4/16"
"Texas","Heavy Rain","2020/6/28","2020/6/28"
"Indiana","Heavy Rain","2020/5/24","2020/5/24"
"Pennsylvania","Heavy Rain","2020/3/28","2020/3/29"
"Idaho","Heavy Rain","2020/5/17","2020/5/17"
"Missouri","Heavy Rain","2020/8/2","2020/8/3"
"Missouri","Heavy Rain","2020/8/8","2020/8/9"
"Illinois","Heavy Rain / Snow Melt","2020/4/11","2020/4/16"
"Illinois","Heavy Rain","2020/8/9","2020/8/9"
"American Samoa","Heavy Rain","2020/2/16","2020/2/16"
"Michigan","Heavy Rain","2020/6/1","2020/6/30"
"Wisconsin","Heavy Rain","2020/6/30","2020/6/30"
"Wisconsin","Heavy Rain / Tropical System","2020/6/10","2020/6/10"
"Pennsylvania","Heavy Rain","2020/3/20","2020/3/20"
"Oklahoma","Heavy Rain","2020/4/28","2020/4/28"
"South Dakota","Heavy Rain","2020/5/1","2020/5/31"
"North Carolina","Heavy Rain","2020/6/21","2020/6/21"
"North Carolina","Heavy Rain","2020/6/30","2020/6/30"
"Texas","Heavy Rain","2020/2/12","2020/2/12"
"Virginia","Heavy Rain","2020/2/6","2020/2/7"
"Kentucky","Heavy Rain","2020/2/13","2020/2/13"
"West Virginia","Heavy Rain","2020/2/11","2020/2/11"
"Hawaii","Heavy Rain","2020/2/6","2020/2/6"
"Virginia","Heavy Rain","2020/8/5","2020/8/5"
"North Carolina","Heavy Rain","2020/8/6","2020/8/6"
"Kentucky","Heavy Rain","2020/2/12","2020/2/12"
"Kentucky","Heavy Rain","2020/2/15","2020/2/21"
"Kentucky","Heavy Rain","2020/2/14","2020/2/15"
"Kentucky","Heavy Rain","2020/2/13","2020/2/16"
"Virginia","Heavy Rain","2020/2/7","2020/2/10"
"Indiana","Heavy Rain","2020/6/10","2020/6/10"
"West Virginia","Heavy Rain","2020/2/13","2020/2/13"
"West Virginia","Heavy Rain","2020/2/13","2020/2/14"
"Oregon","Heavy Rain / Snow Melt","2020/2/6","2020/2/8"
"Oregon","Heavy Rain / Snow Melt","2020/2/7","2020/2/8"
"Kentucky","Heavy Rain","2020/2/12","2020/2/26"
"Missouri","Heavy Rain","2020/2/4","2020/2/4"
"Texas","Heavy Rain","2020/6/19","2020/6/19"
"Virginia","Heavy Rain","2020/2/6","2020/2/8"
"Arkansas","Heavy Rain","2020/2/12","2020/2/12"
"Florida","Heavy Rain","2020/2/1","2020/2/1"
"Washington","Heavy Rain / Snow Melt","2020/2/6","2020/2/9"
"Washington","Heavy Rain / Snow Melt","2020/2/7","2020/2/7"
"Washington","Heavy Rain / Snow Melt","2020/2/7","2020/2/8"
"Kentucky","Heavy Rain","2020/2/12","2020/2/27"
"Kentucky","Heavy Rain","2020/2/10","2020/2/28"
"Kentucky","Planned Dam Release","2020/2/12","2020/2/26"
"Tennessee","Heavy Rain","2020/2/6","2020/2/6"
"Ohio","Heavy Rain","2020/2/13","2020/2/14"
"South Dakota","Planned Dam Release","2020/2/1","2020/2/10"
"South Dakota","Heavy Rain / Snow Melt","2020/2/1","2020/2/12"
"South Dakota","Heavy Rain / Snow Melt","2020/2/1","2020/2/20"
"Tennessee","Heavy Rain","2020/2/12","2020/2/12"
"Florida","Heavy Rain","2020/2/5","2020/2/5"
"Missouri","Heavy Rain","2020/2/12","2020/2/13"
"South Dakota","Heavy Rain / Snow Melt","2020/2/1","2020/2/19"
"Arizona","Heavy Rain","2020/2/23","2020/2/23"
"Missouri","Heavy Rain","2020/5/24","2020/5/24"
"Alabama","Heavy Rain","2020/2/7","2020/2/29"
"Alabama","Heavy Rain","2020/2/9","2020/2/29"
"Alabama","Heavy Rain","2020/2/12","2020/2/29"
"Kentucky","Heavy Rain","2020/2/6","2020/2/6"
"Arizona","Heavy Rain","2020/2/22","2020/2/22"
"Maryland","Heavy Rain","2020/8/8","2020/8/8"
"Virginia","Heavy Rain","2020/8/11","2020/8/11"
"Ohio","Heavy Rain","2020/2/13","2020/2/15"
"Idaho","Heavy Rain / Snow Melt","2020/5/22","2020/5/22"
"Idaho","Heavy Rain / Snow Melt","2020/5/20","2020/5/22"
"Illinois","Heavy Rain","2020/6/27","2020/6/27"
"Missouri","Heavy Rain","2020/2/13","2020/2/13"
"Missouri","Heavy Rain","2020/2/24","2020/2/24"
"Ohio","Heavy Rain","2020/2/1","2020/2/29"
"Alaska","Heavy Rain","2020/12/1","2020/12/2"
"Virginia","Heavy Rain","2020/2/7","2020/2/8"
"Virginia","Heavy Rain","2020/2/7","2020/2/7"
"Missouri","Heavy Rain","2020/2/24","2020/2/25"
"West Virginia","Heavy Rain","2020/2/12","2020/2/16"
"West Virginia","Heavy Rain","2020/2/14","2020/2/15"
"Wisconsin","Heavy Rain / Snow Melt","2020/2/1","2020/2/29"
"North Carolina","Heavy Rain","2020/2/6","2020/2/8"
"Texas","Heavy Rain","2020/2/20","2020/2/20"
"Nebraska","Ice Jam","2020/2/15","2020/2/15"
"Kentucky","Heavy Rain","2020/2/6","2020/2/9"
"Virginia","Heavy Rain","2020/8/12","2020/8/12"
"Virginia","Heavy Rain","2020/8/13","2020/8/13"
"Arkansas","Heavy Rain","2020/2/4","2020/2/29"
"Mississippi","Heavy Rain","2020/2/11","2020/2/11"
"Arkansas","Heavy Rain","2020/2/18","2020/2/18"
"Arizona","Heavy Rain","2020/2/22","2020/2/26"
"Virginia","Heavy Rain","2020/8/14","2020/8/14"
"South Dakota","Heavy Rain / Snow Melt","2020/2/1","2020/2/29"
"South Dakota","Heavy Rain / Snow Melt","2020/2/1","2020/2/22"
"Arkansas","Heavy Rain","2020/2/1","2020/2/29"
"Arkansas","Heavy Rain","2020/2/1","2020/2/2"
"Arkansas","Heavy Rain","2020/2/1","2020/2/1"
"Arkansas","Heavy Rain","2020/2/5","2020/2/27"
"Indiana","Heavy Rain","2020/2/12","2020/2/12"
"Kentucky","Heavy Rain","2020/2/4","2020/2/4"
"Kentucky","Heavy Rain","2020/2/4","2020/2/27"
"Puerto Rico","Heavy Rain","2020/2/24","2020/2/24"
"Arkansas","Heavy Rain","2020/2/9","2020/2/20"
"Arkansas","Heavy Rain","2020/2/13","2020/2/14"
"Arkansas","Heavy Rain","2020/2/12","2020/2/14"
"Arkansas","Heavy Rain","2020/2/11","2020/2/28"
"Arkansas","Heavy Rain","2020/2/13","2020/2/13"
"Arkansas","Heavy Rain","2020/2/18","2020/2/19"
"Arkansas","Heavy Rain","2020/2/27","2020/2/29"
"Kentucky","Heavy Rain","2020/2/12","2020/2/24"
"Missouri","Heavy Rain","2020/2/12","2020/2/29"
"Illinois","Heavy Rain","2020/2/7","2020/2/29"
"South Dakota","Heavy Rain / Snow Melt","2020/2/26","2020/2/29"
"Tennessee","Heavy Rain","2020/2/6","2020/2/7"
"Pennsylvania","Heavy Rain","2020/2/1","2020/2/29"
"Kentucky","Planned Dam Release","2020/2/11","2020/2/28"
"Illinois","Heavy Rain","2020/2/8","2020/2/29"
"Illinois","Heavy Rain","2020/2/9","2020/2/28"
"Florida","Heavy Rain","2020/2/26","2020/2/26"
"Tennessee","Heavy Rain","2020/2/11","2020/2/11"
"Kentucky","Heavy Rain","2020/2/5","2020/2/5"
"Kentucky","Heavy Rain","2020/2/5","2020/2/6"
"Texas","Heavy Rain","2020/2/21","2020/2/26"
"Illinois","Heavy Rain","2020/2/12","2020/2/27"
"Virginia","Heavy Rain","2020/2/6","2020/2/9"
"Georgia","Heavy Rain","2020/2/19","2020/2/21"
"South Dakota","Ice Jam","2020/2/13","2020/2/17"
"New York","Heavy Rain","2020/6/20","2020/6/20"
"Illinois","Heavy Rain","2020/2/11","2020/2/27"
"Illinois","Heavy Rain","2020/2/1","2020/2/1"
"Illinois","Heavy Rain","2020/2/1","2020/2/3"
"Illinois","Heavy Rain","2020/2/13","2020/2/20"
"Illinois","Heavy Rain","2020/2/13","2020/2/21"
"Iowa","Heavy Rain","2020/6/22","2020/6/25"
"Iowa","Heavy Rain","2020/6/25","2020/6/25"
"Texas","Heavy Rain","2020/6/20","2020/6/20"
"Kentucky","Heavy Rain","2020/2/6","2020/2/7"
"Illinois","Heavy Rain","2020/6/21","2020/6/21"
"Indiana","Heavy Rain","2020/2/13","2020/2/20"
"Indiana","Heavy Rain","2020/2/12","2020/2/21"
"Indiana","Heavy Rain","2020/2/11","2020/2/20"
"Indiana","Heavy Rain","2020/2/13","2020/2/21"
"West Virginia","Heavy Rain","2020/2/7","2020/2/7"
"North Carolina","Heavy Rain","2020/6/12","2020/6/12"
"Indiana","Heavy Rain","2020/2/15","2020/2/21"
"Indiana","Heavy Rain","2020/2/11","2020/2/23"
"Indiana","Heavy Rain","2020/2/13","2020/2/25"
"Illinois","Heavy Rain","2020/6/29","2020/6/29"
"Kentucky","Heavy Rain","2020/7/26","2020/7/26"
"Ohio","Heavy Rain","2020/7/30","2020/7/30"
"Wisconsin","Heavy Rain","2020/7/8","2020/7/9"
"Indiana","Heavy Rain","2020/7/31","2020/7/31"
"Minnesota","Heavy Rain / Snow Melt","2020/3/4","2020/3/8"
"Iowa","Heavy Rain / Snow Melt","2020/3/6","2020/3/15"
"Iowa","Heavy Rain / Snow Melt","2020/3/6","2020/3/8"
"Pennsylvania","Heavy Rain","2020/7/6","2020/7/6"
"New Jersey","Heavy Rain","2020/7/6","2020/7/6"
"Arizona","Heavy Rain","2020/7/2","2020/7/2"
"Pennsylvania","Heavy Rain","2020/7/8","2020/7/8"
"Arkansas","Heavy Rain","2020/7/9","2020/7/9"
"Connecticut","Heavy Rain","2020/7/3","2020/7/3"
"Arkansas","Heavy Rain","2020/7/2","2020/7/2"
"Arkansas","Heavy Rain","2020/7/2","2020/7/3"
"Tennessee","Heavy Rain","2020/7/25","2020/7/25"
"Kansas","Heavy Rain","2020/7/3","2020/7/3"
"South Dakota","Heavy Rain / Snow Melt","2020/3/8","2020/3/20"
"Minnesota","Heavy Rain","2020/6/29","2020/6/30"
"North Carolina","Heavy Rain","2020/7/13","2020/7/13"
"Indiana","Heavy Rain","2020/6/4","2020/6/4"
"Massachusetts","Heavy Rain","2020/7/6","2020/7/6"
"Tennessee","Heavy Rain","2020/7/12","2020/7/12"
"Arkansas","Heavy Rain","2020/7/1","2020/7/21"
"Kansas","Heavy Rain","2020/7/26","2020/7/26"
"Kansas","Heavy Rain","2020/7/29","2020/7/29"
"New York","Heavy Rain","2020/7/11","2020/7/11"
"Michigan","Heavy Rain","2020/7/10","2020/7/11"
"Missouri","Heavy Rain","2020/7/30","2020/7/31"
"Montana","Heavy Rain","2020/7/23","2020/7/23"
"Pennsylvania","Heavy Rain","2020/7/24","2020/7/24"
"Arizona","Heavy Rain / Burn Area","2020/7/22","2020/7/22"
"Indiana","Heavy Rain","2020/7/11","2020/7/11"
"Minnesota","Heavy Rain","2020/6/29","2020/6/29"
"Indiana","Heavy Rain","2020/6/27","2020/6/27"
"Massachusetts","Heavy Rain","2020/7/13","2020/7/13"
"Rhode Island","Heavy Rain","2020/7/14","2020/7/14"
"Ohio","Heavy Rain","2020/7/7","2020/7/7"
"Nebraska","Heavy Rain","2020/7/25","2020/7/25"
"South Dakota","Heavy Rain","2020/6/1","2020/6/30"
"New Jersey","Heavy Rain","2020/7/24","2020/7/24"
"New Jersey","Heavy Rain","2020/7/31","2020/7/31"
"South Dakota","Heavy Rain","2020/6/8","2020/6/9"
"West Virginia","Heavy Rain","2020/7/7","2020/7/7"
"American Samoa","Heavy Rain","2020/7/31","2020/7/31"
"Kansas","Heavy Rain","2020/7/30","2020/7/30"
"Minnesota","Heavy Rain / Snow Melt","2020/3/8","2020/3/9"
"Iowa","Heavy Rain / Snow Melt","2020/3/4","2020/3/15"
"Tennessee","Heavy Rain","2020/5/4","2020/5/4"
"Michigan","Heavy Rain","2020/7/18","2020/7/18"
"Texas","Heavy Rain","2020/7/23","2020/7/23"
"New Jersey","Heavy Rain","2020/7/11","2020/7/11"
"New Jersey","Heavy Rain","2020/7/22","2020/7/22"
"South Dakota","Heavy Rain","2020/6/9","2020/6/13"
"South Dakota","Heavy Rain","2020/6/12","2020/6/17"
"South Dakota","Heavy Rain","2020/6/8","2020/6/8"
"New York","Heavy Rain","2020/7/16","2020/7/16"
"North Dakota","Heavy Rain","2020/7/4","2020/7/4"
"New Jersey","Heavy Rain","2020/7/1","2020/7/1"
"New Jersey","Heavy Rain","2020/7/3","2020/7/3"
"Illinois","Heavy Rain","2020/7/19","2020/7/19"
"Missouri","Heavy Rain","2020/7/15","2020/7/15"
"Kansas","Heavy Rain","2020/7/12","2020/7/12"
"Illinois","Heavy Rain","2020/7/9","2020/7/9"
"Wisconsin","Heavy Rain","2020/7/1","2020/7/31"
"Louisiana","Heavy Rain","2020/7/1","2020/7/1"
"Minnesota","Heavy Rain","2020/7/4","2020/7/4"
"Oklahoma","Heavy Rain","2020/7/10","2020/7/10"
"New York","Heavy Rain","2020/7/8","2020/7/8"
"Georgia","Heavy Rain","2020/7/7","2020/7/7"
"Oklahoma","Heavy Rain","2020/7/19","2020/7/19"
"Florida","Heavy Rain","2020/7/28","2020/7/28"
"Ohio","Heavy Rain","2020/7/8","2020/7/8"
"Louisiana","Heavy Rain","2020/7/5","2020/7/5"
"New York","Heavy Rain","2020/7/27","2020/7/27"
"North Dakota","Heavy Rain","2020/7/1","2020/7/1"
"North Dakota","Heavy Rain","2020/7/1","2020/7/2"
"New York","Heavy Rain","2020/7/10","2020/7/10"
"Illinois","Heavy Rain","2020/7/19","2020/7/20"
"South Carolina","Heavy Rain","2020/7/7","2020/7/7"
"North Carolina","Heavy Rain","2020/7/23","2020/7/23"
"Missouri","Heavy Rain","2020/7/29","2020/7/30"
"Louisiana","Heavy Rain","2020/7/15","2020/7/15"
"North Dakota","Heavy Rain","2020/7/1","2020/7/3"
"Illinois","Heavy Rain","2020/7/20","2020/7/20"
"Illinois","Heavy Rain","2020/7/8","2020/7/8"
"Minnesota","Heavy Rain","2020/7/8","2020/7/8"
"Indiana","Heavy Rain","2020/7/8","2020/7/8"
"Louisiana","Heavy Rain","2020/7/28","2020/7/28"
"Virginia","Heavy Rain","2020/7/22","2020/7/22"
"Minnesota","Heavy Rain","2020/7/17","2020/7/18"
"Ohio","Heavy Rain","2020/7/27","2020/7/27"
"Virginia","Heavy Rain","2020/7/1","2020/7/1"
"Virginia","Heavy Rain","2020/7/23","2020/7/23"
"New Jersey","Heavy Rain","2020/7/10","2020/7/10"
"West Virginia","Heavy Rain","2020/7/12","2020/7/12"
"Florida","Heavy Rain","2020/7/5","2020/7/5"
"Minnesota","Heavy Rain / Snow Melt","2020/3/6","2020/3/12"
"Minnesota","Heavy Rain / Snow Melt","2020/3/7","2020/3/7"
"Wisconsin","Heavy Rain","2020/7/26","2020/7/26"
"Iowa","Heavy Rain","2020/7/11","2020/7/11"
"Colorado","Heavy Rain","2020/7/4","2020/7/4"
"Alaska","Heavy Rain / Snow Melt","2020/12/1","2020/12/5"
"Virginia","Heavy Rain","2020/7/17","2020/7/17"
"West Virginia","Heavy Rain","2020/7/30","2020/7/30"
"Kentucky","Heavy Rain","2020/7/5","2020/7/5"
"South Dakota","Heavy Rain / Snow Melt","2020/3/8","2020/3/10"
"Alabama","Heavy Rain","2020/7/7","2020/7/7"
"Arkansas","Heavy Rain","2020/7/6","2020/7/6"
"Ohio","Heavy Rain","2020/7/6","2020/7/6"
"Arizona","Heavy Rain","2020/7/27","2020/7/27"
"Kentucky","Heavy Rain","2020/7/17","2020/7/17"
"Indiana","Heavy Rain","2020/7/19","2020/7/20"
"South Carolina","Heavy Rain","2020/7/1","2020/7/1"
"Mississippi","Heavy Rain","2020/2/5","2020/2/5"
"Texas","Heavy Rain","2020/6/22","2020/6/22"
"Maryland","Heavy Rain","2020/7/10","2020/7/10"
"West Virginia","Heavy Rain","2020/7/30","2020/7/31"
"Iowa","Heavy Rain / Snow Melt","2020/3/7","2020/3/14"
"South Carolina","Heavy Rain","2020/7/29","2020/7/29"
"West Virginia","Heavy Rain","2020/3/28","2020/3/29"
"Pennsylvania","Heavy Rain","2020/3/29","2020/3/29"
"Oklahoma","Heavy Rain","2020/7/27","2020/7/28"
"Maryland","Heavy Rain","2020/11/3","2020/11/3"
"Virginia","Heavy Rain","2020/11/3","2020/11/3"
"South Carolina","Heavy Rain","2020/11/1","2020/11/1"
"North Carolina","Heavy Rain","2020/11/1","2020/11/1"
"Puerto Rico","Heavy Rain","2020/7/30","2020/7/30"
"South Dakota","Heavy Rain / Snow Melt","2020/3/9","2020/3/16"
"South Dakota","Heavy Rain / Snow Melt","2020/3/10","2020/3/12"
"Iowa","Heavy Rain / Snow Melt","2020/3/8","2020/3/20"
"South Dakota","Heavy Rain / Snow Melt","2020/3/22","2020/3/31"
"South Dakota","Heavy Rain / Snow Melt","2020/3/2","2020/3/10"
"Illinois","Heavy Rain","2020/7/15","2020/7/15"
"Illinois","Heavy Rain","2020/7/31","2020/7/31"
"South Dakota","Heavy Rain","2020/3/29","2020/3/30"
"Kentucky","Heavy Rain","2020/7/8","2020/7/8"
"Texas","Heavy Rain","2020/7/5","2020/7/5"
"Colorado","Heavy Rain","2020/7/28","2020/7/28"
"South Dakota","Heavy Rain","2020/3/27","2020/3/31"
"Mississippi","Heavy Rain","2020/8/28","2020/8/28"
"Pennsylvania","Heavy Rain","2020/7/10","2020/7/10"
"Kansas","Heavy Rain","2020/7/21","2020/7/21"
"South Dakota","Heavy Rain","2020/3/30","2020/3/31"
"Tennessee","Heavy Rain","2020/7/4","2020/7/4"
"Missouri","Heavy Rain","2020/7/17","2020/7/17"
"Kentucky","Heavy Rain","2020/6/18","2020/6/18"
"Alabama","Heavy Rain","2020/7/12","2020/7/12"
"Wisconsin","Heavy Rain","2020/6/29","2020/6/29"
"California","Heavy Rain","2020/11/7","2020/11/7"
"Indiana","Heavy Rain","2020/7/12","2020/7/12"
"Maryland","Heavy Rain","2020/8/29","2020/8/29"
"Kansas","Heavy Rain","2020/7/10","2020/7/10"
"Missouri","Heavy Rain","2020/7/20","2020/7/20"
"Maryland","Heavy Rain","2020/7/24","2020/7/24"
"Virginia","Heavy Rain","2020/7/7","2020/7/7"
"Louisiana","Heavy Rain","2020/7/6","2020/7/6"
"Missouri","Heavy Rain","2020/7/19","2020/7/19"
"Tennessee","Heavy Rain","2020/7/5","2020/7/5"
"Texas","Heavy Rain","2020/12/3","2020/12/3"
"Iowa","Heavy Rain / Snow Melt","2020/3/10","2020/3/12"
"Iowa","Heavy Rain / Snow Melt","2020/3/10","2020/3/11"
"Michigan","Heavy Rain","2020/7/9","2020/7/9"
"Massachusetts","Heavy Rain","2020/7/23","2020/7/23"
"South Dakota","Heavy Rain","2020/7/5","2020/7/5"
"Kansas","Heavy Rain","2020/7/2","2020/7/2"
"Louisiana","Heavy Rain","2020/7/2","2020/7/2"
"Wisconsin","Heavy Rain","2020/7/14","2020/7/14"
"Maryland","Heavy Rain","2020/7/6","2020/7/7"
"Maryland","Heavy Rain","2020/7/7","2020/7/7"
"South Dakota","Heavy Rain","2020/7/29","2020/7/29"
"South Dakota","Heavy Rain","2020/7/24","2020/7/29"
"Virginia","Heavy Rain","2020/7/30","2020/7/30"
"Nebraska","Heavy Rain","2020/7/26","2020/7/27"
"North Carolina","Heavy Rain","2020/8/15","2020/8/15"
"South Dakota","Heavy Rain / Snow Melt","2020/3/9","2020/3/18"
"South Dakota","Heavy Rain / Snow Melt","2020/3/10","2020/3/11"
"South Dakota","Heavy Rain / Snow Melt","2020/3/11","2020/3/17"
"Louisiana","Heavy Rain","2020/7/3","2020/7/3"
"Kansas","Heavy Rain","2020/7/20","2020/7/21"
"Florida","Heavy Rain","2020/7/19","2020/7/19"
"South Dakota","Heavy Rain / Snow Melt","2020/3/3","2020/3/31"
"Kansas","Heavy Rain","2020/7/26","2020/7/27"
"Kentucky","Heavy Rain","2020/7/29","2020/7/29"
"Kentucky","Heavy Rain","2020/7/30","2020/7/30"
"Michigan","Heavy Rain","2020/7/1","2020/7/31"
"Idaho","Heavy Rain","2020/7/3","2020/7/10"
"New Hampshire","Heavy Rain","2020/7/8","2020/7/8"
"Florida","Heavy Rain","2020/8/4","2020/8/4"
"Nebraska","Heavy Rain","2020/7/10","2020/7/10"
"Vermont","Heavy Rain","2020/7/14","2020/7/14"
"Tennessee","Heavy Rain","2020/7/20","2020/7/20"
"South Dakota","Heavy Rain","2020/6/26","2020/6/26"
"Arkansas","Heavy Rain","2020/11/1","2020/11/1"
"Arkansas","Heavy Rain","2020/11/3","2020/11/3"
"Arkansas","Heavy Rain","2020/11/1","2020/11/6"
"Arkansas","Heavy Rain","2020/11/1","2020/11/2"
"South Dakota","Heavy Rain","2020/7/6","2020/7/6"
"South Dakota","Heavy Rain / Snow Melt","2020/3/5","2020/3/31"
"Missouri","Heavy Rain","2020/7/3","2020/7/3"
"Tennessee","Heavy Rain","2020/7/28","2020/7/28"
"Kentucky","Heavy Rain","2020/6/29","2020/6/29"
"Kentucky","Heavy Rain","2020/7/31","2020/7/31"
"Mississippi","Heavy Rain","2020/7/2","2020/7/2"
"Florida","Heavy Rain","2020/11/1","2020/11/1"
"South Dakota","Heavy Rain / Snow Melt","2020/3/13","2020/3/15"
"Georgia","Heavy Rain","2020/7/3","2020/7/3"
"Mississippi","Heavy Rain","2020/7/4","2020/7/4"
"Louisiana","Heavy Rain","2020/7/8","2020/7/8"
"Arizona","Heavy Rain / Burn Area","2020/7/15","2020/7/15"
"Illinois","Heavy Rain","2020/7/15","2020/7/16"
"North Carolina","Heavy Rain","2020/7/31","2020/7/31"
"Pennsylvania","Heavy Rain","2020/7/23","2020/7/23"
"Maryland","Heavy Rain","2020/7/23","2020/7/23"
"Mississippi","Heavy Rain","2020/7/8","2020/7/8"
"Ohio","Heavy Rain","2020/7/9","2020/7/9"
"Florida","Heavy Rain","2020/8/10","2020/8/10"
"Connecticut","Heavy Rain","2020/12/2","2020/12/2"
"Illinois","Heavy Rain","2020/7/17","2020/7/17"
"Mississippi","Heavy Rain","2020/7/1","2020/7/1"
"Delaware","Heavy Rain","2020/7/10","2020/7/10"
"Tennessee","Heavy Rain","2020/7/1","2020/7/1"
"South Dakota","Heavy Rain","2020/3/28","2020/3/31"
"Oklahoma","Heavy Rain","2020/7/29","2020/7/29"
"Mississippi","Heavy Rain","2020/7/15","2020/7/15"
"South Carolina","Heavy Rain","2020/7/7","2020/7/9"
"Kentucky","Heavy Rain","2020/7/20","2020/7/20"
"Kentucky","Heavy Rain","2020/7/21","2020/7/21"
"Iowa","Heavy Rain","2020/6/9","2020/6/9"
"Florida","Heavy Rain","2020/8/11","2020/8/11"
"New Jersey","Heavy Rain","2020/12/2","2020/12/2"
"South Dakota","Heavy Rain / Snow Melt","2020/7/1","2020/7/31"
"South Dakota","Heavy Rain / Snow Melt","2020/7/1","2020/7/17"
"Utah","Heavy Rain","2020/7/23","2020/7/23"
"South Dakota","Heavy Rain","2020/7/25","2020/7/25"
"Illinois","Heavy Rain","2020/7/30","2020/7/30"
"Iowa","Heavy Rain","2020/6/10","2020/6/11"
"Minnesota","Heavy Rain","2020/6/18","2020/6/18"
"South Dakota","Heavy Rain","2020/6/25","2020/6/26"
"Missouri","Heavy Rain","2020/7/22","2020/7/22"
"Kansas","Heavy Rain","2020/7/9","2020/7/9"
"Utah","Heavy Rain / Burn Area","2020/7/23","2020/7/23"
"Utah","Heavy Rain","2020/7/27","2020/7/27"
"South Dakota","Heavy Rain","2020/7/24","2020/7/26"
"Florida","Heavy Rain","2020/8/18","2020/8/18"
"Indiana","Heavy Rain","2020/7/22","2020/7/22"
"Tennessee","Dam / Levee Break","2020/7/1","2020/7/1"
"Pennsylvania","Heavy Rain","2020/7/7","2020/7/7"
"Kansas","Heavy Rain","2020/7/14","2020/7/14"
"Utah","Heavy Rain","2020/7/24","2020/7/24"
"South Dakota","Heavy Rain","2020/7/25","2020/7/26"
"Colorado","Heavy Rain","2020/7/15","2020/7/15"
"Indiana","Heavy Rain","2020/7/9","2020/7/9"
"Guam","Heavy Rain","2020/8/27","2020/8/27"
"Kansas","Heavy Rain","2020/7/15","2020/7/18"
"Maryland","Heavy Rain","2020/7/6","2020/7/6"
"Missouri","Heavy Rain","2020/7/4","2020/7/4"
"New Mexico","Heavy Rain","2020/7/26","2020/7/26"
"Alaska","Dam / Levee Break","2020/7/31","2020/7/31"
"West Virginia","Heavy Rain","2020/8/27","2020/8/27"
"Kentucky","Heavy Rain","2020/8/31","2020/8/31"
"Arkansas","Heavy Rain","2020/8/27","2020/8/27"
"Mississippi","Heavy Rain","2020/8/1","2020/8/1"
"Florida","Heavy Rain","2020/8/23","2020/8/23"
"Florida","Heavy Rain","2020/8/24","2020/8/24"
"Virginia","Heavy Rain","2020/8/31","2020/8/31"
"Arkansas","Heavy Rain","2020/8/29","2020/8/31"
"Arkansas","Heavy Rain","2020/8/28","2020/8/31"
"Michigan","Heavy Rain","2020/8/21","2020/8/21"
"Colorado","Heavy Rain","2020/8/29","2020/8/29"
"Colorado","Heavy Rain","2020/8/20","2020/8/20"
"Missouri","Heavy Rain","2020/6/21","2020/6/21"
"Ohio","Heavy Rain","2020/8/1","2020/8/1"
"Indiana","Heavy Rain","2020/8/13","2020/8/13"
"Indiana","Heavy Rain","2020/8/1","2020/8/1"
"Arizona","Heavy Rain","2020/8/23","2020/8/23"
"Arizona","Heavy Rain / Burn Area","2020/8/30","2020/8/30"
"Arizona","Heavy Rain","2020/8/30","2020/8/30"
"Arkansas","Heavy Rain","2020/8/11","2020/8/11"
"North Carolina","Heavy Rain","2020/8/10","2020/8/10"
"Colorado","Heavy Rain / Burn Area","2020/8/28","2020/8/28"
"Louisiana","Heavy Rain","2020/8/20","2020/8/20"
"Louisiana","Heavy Rain / Tropical System","2020/8/28","2020/8/28"
"Wisconsin","Heavy Rain","2020/8/2","2020/8/3"
"Arkansas","Heavy Rain","2020/8/27","2020/8/28"
"Illinois","Heavy Rain","2020/9/12","2020/9/12"
"Michigan","Heavy Rain","2020/8/1","2020/8/31"
"North Carolina","Heavy Rain","2020/8/21","2020/8/21"
"Illinois","Heavy Rain","2020/8/3","2020/8/3"
"Kentucky","Heavy Rain","2020/8/12","2020/8/12"
"Missouri","Heavy Rain","2020/8/11","2020/8/11"
"Michigan","Heavy Rain","2020/8/2","2020/8/2"
"Missouri","Heavy Rain","2020/8/10","2020/8/10"
"Tennessee","Heavy Rain","2020/8/23","2020/8/23"
"Oklahoma","Heavy Rain","2020/8/7","2020/8/7"
"Oklahoma","Heavy Rain","2020/8/14","2020/8/14"
"South Carolina","Heavy Rain","2020/8/6","2020/8/6"
"Virginia","Heavy Rain","2020/8/6","2020/8/6"
"Virginia","Heavy Rain","2020/8/8","2020/8/8"
"Colorado","Heavy Rain / Burn Area","2020/8/29","2020/8/29"
"Missouri","Heavy Rain","2020/8/3","2020/8/3"
"Virginia","Heavy Rain","2020/8/28","2020/8/28"
"Virginia","Heavy Rain","2020/8/29","2020/8/29"
"Virginia","Heavy Rain","2020/8/21","2020/8/21"
"Virginia","Heavy Rain","2020/8/22","2020/8/22"
"Wisconsin","Heavy Rain","2020/8/8","2020/8/8"
"Arkansas","Heavy Rain","2020/8/29","2020/8/29"
"Georgia","Heavy Rain","2020/8/25","2020/8/25"
"Maryland","Heavy Rain","2020/8/12","2020/8/12"
"Arkansas","Heavy Rain","2020/8/12","2020/8/12"
"New Mexico","Heavy Rain","2020/8/29","2020/8/29"
"Virginia","Heavy Rain","2020/8/28","2020/8/29"
"Virginia","Heavy Rain","2020/8/14","2020/8/15"
"Virginia","Heavy Rain","2020/8/15","2020/8/15"
"Michigan","Heavy Rain","2020/8/3","2020/8/3"
"Wisconsin","Heavy Rain","2020/8/10","2020/8/10"
"Florida","Heavy Rain","2020/8/19","2020/8/19"
"Virginia","Heavy Rain","2020/11/1","2020/11/1"
"Virginia","Heavy Rain","2020/8/5","2020/8/6"
"Wisconsin","Heavy Rain","2020/8/1","2020/8/31"
"Virginia","Heavy Rain","2020/8/7","2020/8/7"
"Virginia","Heavy Rain","2020/8/20","2020/8/20"
"Michigan","Heavy Rain","2020/8/16","2020/8/16"
"Colorado","Heavy Rain / Burn Area","2020/8/3","2020/8/3"
"West Virginia","Heavy Rain","2020/8/15","2020/8/15"
"Michigan","Heavy Rain","2020/8/28","2020/8/28"
"Florida","Heavy Rain","2020/8/14","2020/8/14"
"Oklahoma","Heavy Rain","2020/8/13","2020/8/13"
"Nebraska","Heavy Rain","2020/6/27","2020/6/27"
"Kansas","Heavy Rain","2020/8/3","2020/8/3"
"Illinois","Heavy Rain","2020/8/2","2020/8/2"
"Alabama","Heavy Rain","2020/8/19","2020/8/19"
"Illinois","Heavy Rain","2020/8/13","2020/8/13"
"Kentucky","Heavy Rain","2020/8/13","2020/8/13"
"Ohio","Heavy Rain","2020/8/15","2020/8/15"
"Ohio","Heavy Rain","2020/8/16","2020/8/16"
"New York","Heavy Rain","2020/8/15","2020/8/15"
"Colorado","Heavy Rain","2020/8/5","2020/8/5"
"Kentucky","Heavy Rain","2020/8/6","2020/8/6"
"California","Heavy Rain","2020/8/15","2020/8/15"
"California","Heavy Rain","2020/8/17","2020/8/17"
"West Virginia","Heavy Rain","2020/8/25","2020/8/25"
"Arkansas","Heavy Rain","2020/8/26","2020/8/26"
"Kentucky","Heavy Rain","2020/8/14","2020/8/14"
"Tennessee","Heavy Rain","2020/8/6","2020/8/6"
"Virginia","Heavy Rain","2020/8/22","2020/8/23"
"Virginia","Heavy Rain","2020/8/24","2020/8/24"
"Alabama","Heavy Rain","2020/8/30","2020/8/30"
"Nebraska","Heavy Rain","2020/6/19","2020/6/20"
"Arkansas","Heavy Rain","2020/8/29","2020/8/30"
"Virginia","Heavy Rain","2020/8/8","2020/8/9"
"North Carolina","Heavy Rain","2020/8/31","2020/8/31"
"North Carolina","Heavy Rain","2020/8/9","2020/8/9"
"Ohio","Heavy Rain","2020/8/3","2020/8/3"
"Indiana","Heavy Rain","2020/8/3","2020/8/3"
"Florida","Heavy Rain","2020/9/7","2020/9/7"
"North Carolina","Heavy Rain","2020/8/7","2020/8/7"
"Texas","Heavy Rain","2020/8/12","2020/8/12"
"Texas","Heavy Rain","2020/8/26","2020/8/26"
"Wisconsin","Heavy Rain","2020/8/27","2020/8/27"
"Indiana","Heavy Rain","2020/8/14","2020/8/14"
"Illinois","Heavy Rain","2020/8/12","2020/8/12"
"Florida","Heavy Rain","2020/8/5","2020/8/5"
"Alaska","Dam / Levee Break","2020/8/1","2020/8/1"
"Arkansas","Heavy Rain","2020/8/14","2020/8/14"
"Arkansas","Heavy Rain","2020/8/31","2020/8/31"
"Puerto Rico","Heavy Rain","2020/8/22","2020/8/22"
"Texas","Heavy Rain","2020/7/7","2020/7/7"
"Alaska","Heavy Rain","2020/8/10","2020/8/11"
"Pennsylvania","Heavy Rain","2020/8/22","2020/8/22"
"West Virginia","Heavy Rain","2020/8/31","2020/8/31"
"Virginia","Heavy Rain","2020/8/6","2020/8/7"
"Maryland","Heavy Rain","2020/8/29","2020/8/30"
"New Mexico","Heavy Rain / Burn Area","2020/8/5","2020/8/5"
"Alabama","Heavy Rain","2020/8/25","2020/8/25"
"Colorado","Heavy Rain / Burn Area","2020/8/15","2020/8/15"
"West Virginia","Heavy Rain","2020/8/22","2020/8/22"
"Vermont","Heavy Rain","2020/8/24","2020/8/24"
"Mississippi","Heavy Rain","2020/8/13","2020/8/13"
"Maryland","Heavy Rain","2020/11/1","2020/11/1"
"Oklahoma","Heavy Rain","2020/9/1","2020/9/1"
"Ohio","Heavy Rain","2020/9/3","2020/9/3"
"Tennessee","Heavy Rain","2020/8/30","2020/8/30"
"Maryland","Heavy Rain","2020/8/4","2020/8/4"
"North Carolina","Heavy Rain","2020/8/13","2020/8/13"
"North Carolina","Heavy Rain","2020/8/13","2020/8/14"
"Indiana","Heavy Rain","2020/8/18","2020/8/18"
"Florida","Heavy Rain","2020/9/27","2020/9/27"
"Ohio","Heavy Rain","2020/9/8","2020/9/8"
"Ohio","Heavy Rain","2020/9/7","2020/9/7"
"North Carolina","Heavy Rain","2020/8/24","2020/8/24"
"Pennsylvania","Heavy Rain","2020/8/7","2020/8/7"
"Massachusetts","Heavy Rain","2020/9/10","2020/9/10"
"American Samoa","Heavy Rain","2020/8/17","2020/8/17"
"District of Columbia","Heavy Rain","2020/9/10","2020/9/10"
"Florida","Heavy Rain / Tropical System","2020/11/8","2020/11/9"
"Indiana","Heavy Rain","2020/8/10","2020/8/10"
"Texas","Heavy Rain","2020/8/8","2020/8/8"
"Texas","Heavy Rain","2020/8/1","2020/8/1"
"Utah","Heavy Rain","2020/8/23","2020/8/23"
"American Samoa","Heavy Rain","2020/9/22","2020/9/22"
"Missouri","Heavy Rain","2020/9/5","2020/9/5"
"Louisiana","Heavy Rain","2020/9/23","2020/9/23"
"Alaska","Heavy Rain","2020/11/1","2020/11/2"
"Michigan","Heavy Rain","2020/9/1","2020/9/12"
"North Carolina","Heavy Rain / Tropical System","2020/9/17","2020/9/17"
"Florida","Heavy Rain","2020/9/12","2020/9/12"
"Florida","Heavy Rain","2020/9/12","2020/9/13"
"Florida","Heavy Rain / Tropical System","2020/9/16","2020/9/16"
"Florida","Heavy Rain / Tropical System","2020/9/15","2020/9/16"
"Alaska","Heavy Rain","2020/9/26","2020/9/30"
"Puerto Rico","Heavy Rain","2020/11/1","2020/11/1"
"Puerto Rico","Heavy Rain","2020/11/8","2020/11/8"
"Arizona","Heavy Rain","2020/8/18","2020/8/18"
"California","Heavy Rain","2020/8/22","2020/8/22"
"New York","Heavy Rain","2020/8/11","2020/8/11"
"Pennsylvania","Heavy Rain","2020/8/24","2020/8/24"
"New York","Heavy Rain","2020/8/10","2020/8/10"
"Maryland","Heavy Rain","2020/8/7","2020/8/7"
"Texas","Heavy Rain","2020/8/1","2020/8/8"
"Nevada","Heavy Rain","2020/8/23","2020/8/23"
"Texas","Heavy Rain","2020/8/1","2020/8/6"
"Texas","Heavy Rain","2020/9/4","2020/9/4"
"Maryland","Heavy Rain","2020/8/4","2020/8/5"
"Maryland","Heavy Rain","2020/8/14","2020/8/14"
"Texas","Heavy Rain","2020/9/9","2020/9/10"
"Texas","Heavy Rain","2020/9/10","2020/9/10"
"Virginia","Heavy Rain","2020/9/10","2020/9/10"
"Georgia","Heavy Rain","2020/9/17","2020/9/17"
"North Carolina","Heavy Rain","2020/9/13","2020/9/13"
"North Carolina","Heavy Rain","2020/9/17","2020/9/18"
"Arkansas","Heavy Rain","2020/9/23","2020/9/23"
"Pennsylvania","Heavy Rain","2020/8/28","2020/8/28"
"North Carolina","Heavy Rain","2020/8/5","2020/8/6"
"North Carolina","Heavy Rain","2020/8/5","2020/8/5"
"Georgia","Heavy Rain","2020/8/20","2020/8/20"
"Georgia","Heavy Rain","2020/8/20","2020/8/21"
"Mississippi","Heavy Rain","2020/8/25","2020/8/25"
"Florida","Heavy Rain","2020/9/9","2020/9/9"
"Florida","Heavy Rain","2020/9/24","2020/9/24"
"Florida","Heavy Rain","2020/9/26","2020/9/26"
"Georgia","Heavy Rain","2020/9/15","2020/9/15"
"Kentucky","Heavy Rain","2020/9/12","2020/9/12"
"Kentucky","Heavy Rain","2020/9/12","2020/9/13"
"Kentucky","Heavy Rain","2020/9/13","2020/9/13"
"District of Columbia","Heavy Rain","2020/8/4","2020/8/4"
"Maryland","Heavy Rain","2020/8/23","2020/8/23"
"Alabama","Heavy Rain","2020/8/26","2020/8/26"
"Arkansas","Heavy Rain","2020/9/1","2020/9/9"
"Arkansas","Heavy Rain","2020/9/2","2020/9/3"
"Arkansas","Heavy Rain","2020/9/1","2020/9/2"
"Florida","Heavy Rain","2020/9/10","2020/9/10"
"Kentucky","Heavy Rain","2020/9/3","2020/9/3"
"South Carolina","Heavy Rain","2020/11/2","2020/11/2"
"Louisiana","Heavy Rain","2020/8/27","2020/8/27"
"South Dakota","Heavy Rain / Snow Melt","2020/8/1","2020/8/31"
"Georgia","Heavy Rain","2020/8/3","2020/8/3"
"Oklahoma","Heavy Rain","2020/8/10","2020/8/10"
"Arkansas","Heavy Rain","2020/9/1","2020/9/5"
"Missouri","Heavy Rain","2020/9/1","2020/9/1"
"West Virginia","Heavy Rain","2020/8/28","2020/8/29"
"Tennessee","Heavy Rain","2020/8/12","2020/8/12"
"Maryland","Heavy Rain","2020/9/3","2020/9/3"
"Georgia","Heavy Rain","2020/8/30","2020/8/30"
"Wisconsin","Heavy Rain","2020/8/28","2020/8/28"
"Texas","Heavy Rain","2020/8/29","2020/8/29"
"District of Columbia","Heavy Rain","2020/11/1","2020/11/1"
"Ohio","Heavy Rain","2020/9/7","2020/9/8"
"New York","Heavy Rain","2020/8/4","2020/8/4"
"Michigan","Heavy Rain","2020/8/10","2020/8/10"
"Maryland","Heavy Rain","2020/9/4","2020/9/4"
"Wisconsin","Heavy Rain","2020/9/1","2020/9/30"
"North Carolina","Heavy Rain","2020/8/12","2020/8/12"
"Tennessee","Heavy Rain","2020/9/1","2020/9/1"
"Arkansas","Heavy Rain","2020/9/1","2020/9/1"
"Arkansas","Heavy Rain","2020/9/2","2020/9/2"
"Arkansas","Heavy Rain","2020/9/1","2020/9/19"
"Florida","Heavy Rain / Tropical System","2020/9/13","2020/9/13"
"Texas","Heavy Rain","2020/9/1","2020/9/1"
"Texas","Heavy Rain","2020/9/2","2020/9/2"
"Maryland","Heavy Rain","2020/9/10","2020/9/10"
"Maine","Dam / Levee Break","2020/9/16","2020/9/19"
"Alabama","Heavy Rain / Tropical System","2020/9/15","2020/9/16"
"Alabama","Heavy Rain / Tropical System","2020/9/16","2020/9/16"
"Colorado","Heavy Rain","2020/7/12","2020/7/12"
"Tennessee","Heavy Rain","2020/9/13","2020/9/13"
"Texas","Heavy Rain","2020/9/8","2020/9/8"
"South Dakota","Heavy Rain","2020/7/6","2020/7/7"
"Colorado","Heavy Rain","2020/7/23","2020/7/23"
"Mississippi","Heavy Rain","2020/9/23","2020/9/23"
"Mississippi","Heavy Rain","2020/9/23","2020/9/24"
"Texas","Heavy Rain","2020/9/3","2020/9/3"
"Mississippi","Heavy Rain","2020/9/24","2020/9/24"
"Alabama","Heavy Rain","2020/9/16","2020/9/16"
"Alabama","Heavy Rain","2020/9/16","2020/9/17"
"New Jersey","Heavy Rain","2020/8/7","2020/8/7"
"Arizona","Heavy Rain","2020/8/2","2020/8/2"
"Minnesota","Heavy Rain","2020/7/6","2020/7/6"
"Arkansas","Heavy Rain","2020/9/25","2020/9/27"
"South Dakota","Heavy Rain","2020/6/9","2020/6/9"
"Arizona","Heavy Rain","2020/8/20","2020/8/20"
"Minnesota","Heavy Rain","2020/7/25","2020/7/26"
"Minnesota","Heavy Rain","2020/7/26","2020/7/26"
"South Dakota","Heavy Rain","2020/7/1","2020/7/31"
"Texas","Heavy Rain","2020/9/22","2020/9/22"
"Kentucky","Heavy Rain","2020/9/2","2020/9/2"
"South Dakota","Heavy Rain","2020/8/1","2020/8/2"
"Iowa","Heavy Rain","2020/7/6","2020/7/8"
"South Dakota","Heavy Rain","2020/7/28","2020/7/28"
"Alabama","Heavy Rain / Tropical System","2020/9/16","2020/9/17"
"Florida","Heavy Rain","2020/9/20","2020/9/20"
"Maryland","Heavy Rain","2020/9/11","2020/9/11"
"Kansas","Heavy Rain","2020/9/8","2020/9/8"
"Kansas","Heavy Rain","2020/9/8","2020/9/9"
"Indiana","Heavy Rain","2020/9/3","2020/9/3"
"Delaware","Heavy Rain","2020/8/7","2020/8/7"
"Maryland","Heavy Rain","2020/8/6","2020/8/6"
"Iowa","Heavy Rain","2020/4/1","2020/4/4"
"Georgia","Heavy Rain / Tropical System","2020/9/16","2020/9/17"
"Georgia","Heavy Rain / Tropical System","2020/9/16","2020/9/16"
"Texas","Heavy Rain","2020/9/23","2020/9/23"
"Alabama","Heavy Rain","2020/9/13","2020/9/13"
"Arizona","Heavy Rain","2020/8/16","2020/8/16"
"Florida","Heavy Rain","2020/9/6","2020/9/6"
"Iowa","Heavy Rain","2020/4/1","2020/4/5"
"Virginia","Heavy Rain","2020/9/9","2020/9/9"
"Virginia","Heavy Rain","2020/9/17","2020/9/17"
"South Dakota","Heavy Rain","2020/7/1","2020/7/20"
"South Dakota","Heavy Rain","2020/7/1","2020/7/23"
"Colorado","Heavy Rain","2020/7/2","2020/7/2"
"Minnesota","Heavy Rain","2020/7/5","2020/7/5"
"South Dakota","Heavy Rain","2020/4/1","2020/4/8"
"South Dakota","Heavy Rain","2020/4/1","2020/4/12"
"Virginia","Heavy Rain","2020/9/18","2020/9/18"
"South Dakota","Heavy Rain / Snow Melt","2020/9/1","2020/9/29"
"Indiana","Heavy Rain","2020/9/7","2020/9/8"
"South Dakota","Heavy Rain","2020/4/1","2020/4/7"
"South Dakota","Heavy Rain","2020/4/1","2020/4/4"
"Hawaii","Heavy Rain","2020/3/17","2020/3/18"
"Louisiana","Heavy Rain","2020/4/22","2020/4/23"
"Georgia","Heavy Rain","2020/9/16","2020/9/17"
"Virginia","Heavy Rain","2020/8/15","2020/8/16"
"Texas","Heavy Rain","2020/9/21","2020/9/22"
"Texas","Heavy Rain","2020/9/21","2020/9/21"
"North Carolina","Heavy Rain","2020/9/1","2020/9/1"
"South Carolina","Heavy Rain","2020/9/17","2020/9/17"
"South Carolina","Heavy Rain / Tropical System","2020/9/17","2020/9/17"
"Nebraska","Heavy Rain","2020/7/25","2020/7/26"
"Kansas","Heavy Rain","2020/7/23","2020/7/24"
"South Dakota","Heavy Rain","2020/7/2","2020/7/8"
"South Dakota","Heavy Rain / Snow Melt","2020/4/1","2020/4/20"
"Colorado","Heavy Rain","2020/7/23","2020/7/24"
"North Carolina","Heavy Rain","2020/9/12","2020/9/12"
"Pennsylvania","Heavy Rain","2020/11/1","2020/11/1"
"Nebraska","Heavy Rain","2020/7/20","2020/7/20"
"South Dakota","Heavy Rain","2020/4/1","2020/4/5"
"Nebraska","Heavy Rain","2020/7/23","2020/7/23"
"Nebraska","Heavy Rain","2020/7/23","2020/7/25"
"Oklahoma","Heavy Rain","2020/9/1","2020/9/2"
"Georgia","Heavy Rain","2020/11/1","2020/11/1"
"Puerto Rico","Heavy Rain","2020/11/9","2020/11/9"
"South Carolina","Heavy Rain","2020/9/9","2020/9/9"
"Oklahoma","Heavy Rain","2020/9/1","2020/9/4"
"Mississippi","Heavy Rain","2020/9/12","2020/9/12"
"Mississippi","Heavy Rain","2020/9/13","2020/9/13"
"Illinois","Heavy Rain","2020/5/21","2020/5/21"
"Oregon","Heavy Rain","2020/12/2","2020/12/2"
"Missouri","Heavy Rain","2020/8/12","2020/8/12"
"New York","Heavy Rain","2020/8/24","2020/8/25"
"North Carolina","Heavy Rain","2020/10/2","2020/10/2"
"Maine","Heavy Rain / Snow Melt","2020/12/1","2020/12/2"
"Maine","Heavy Rain / Snow Melt","2020/12/2","2020/12/2"
"New Hampshire","Heavy Rain / Snow Melt","2020/12/2","2020/12/2"
"Iowa","Heavy Rain","2020/3/30","2020/3/31"
"Ohio","Heavy Rain","2020/8/14","2020/8/15"
"New York","Heavy Rain / Tropical System","2020/8/4","2020/8/4"
"Pennsylvania","Heavy Rain / Snow Melt","2020/12/2","2020/12/2"
"Kentucky","Heavy Rain","2020/6/28","2020/6/28"
"Missouri","Heavy Rain","2020/11/2","2020/11/2"
"Alaska","Heavy Rain / Snow Melt","2020/12/2","2020/12/2"
"South Dakota","Heavy Rain / Snow Melt","2020/3/4","2020/3/9"
"South Carolina","Heavy Rain","2020/8/15","2020/8/15"
"Maine","Heavy Rain / Snow Melt","2020/12/1","2020/12/1"
"Puerto Rico","Heavy Rain","2020/12/2","2020/12/2"
"Louisiana","Heavy Rain","2020/10/2","2020/10/2"
"Nebraska","Heavy Rain","2020/8/16","2020/8/17"
"Iowa","Heavy Rain","2020/7/9","2020/7/9"
"Missouri","Heavy Rain","2020/8/15","2020/8/15"
"New York","Heavy Rain","2020/8/24","2020/8/24"
"Kentucky","Heavy Rain","2020/6/29","2020/6/30"
"Utah","Heavy Rain","2020/6/6","2020/6/6"
"Puerto Rico","Heavy Rain","2020/11/2","2020/11/2"
"Washington","Heavy Rain","2020/12/2","2020/12/2"
"Rhode Island","Heavy Rain","2020/12/2","2020/12/2"
"Arkansas","Heavy Rain","2020/12/3","2020/12/3"
"California","Heavy Rain / Burn Area","2020/11/1","2020/11/1"
"California","Heavy Rain","2020/11/1","2020/11/1"
"Florida","Heavy Rain / Tropical System","2020/11/9","2020/11/1"
"Washington","Heavy Rain","2020/5/18","2020/5/18"
"Tennessee","Heavy Rain","2020/11/1","2020/11/1"
"Florida","Heavy Rain / Tropical System","2020/11/9","2020/11/9"
"Massachusetts","Heavy Rain","2020/12/2","2020/12/2"
"Iowa","Heavy Rain","2020/3/29","2020/3/30"
"Hawaii","Heavy Rain","2020/11/2","2020/11/2"
"Puerto Rico","Heavy Rain","2020/11/7","2020/11/7"
"Guam","Heavy Rain","2020/11/2","2020/11/2"
"Arkansas","Heavy Rain","2020/12/1","2020/12/2"
"South Dakota","Heavy Rain / Snow Melt","2020/3/5","2020/3/21"
"Rhode Island","Heavy Rain","2020/12/1","2020/12/1"
"Maryland","Heavy Rain","2020/12/2","2020/12/2"
"Iowa","Heavy Rain","2020/6/22","2020/6/22"
"Missouri","Heavy Rain","2020/10/2","2020/10/2"
"Florida","Heavy Rain","2020/10/2","2020/10/2"
"Alabama","Heavy Rain","2020/10/2","2020/10/2"
"Iowa","Heavy Rain","2020/6/4","2020/6/4"
"Alaska","Heavy Rain","2020/10/1","2020/10/3"
"Indiana","Heavy Rain","2020/10/2","2020/10/2"
"Arkansas","Heavy Rain","2020/10/3","2020/10/3"
"Arkansas","Heavy Rain","2020/10/2","2020/10/3"
"Alaska","Heavy Rain","2020/10/2","2020/10/2"
"Minnesota","Heavy Rain","2020/6/2","2020/6/2"
"Maryland","Heavy Rain","2020/12/5","2020/12/6"
"West Virginia","Heavy Rain","2020/6/5","2020/6/5"
"Virginia","Heavy Rain","2020/10/3","2020/10/3"
"Louisiana","Heavy Rain","2020/10/9","2020/10/1"
"Louisiana","Heavy Rain / Tropical System","2020/10/9","2020/10/9"
"South Dakota","Heavy Rain","2020/6/18","2020/6/18"
"Arkansas","Heavy Rain","2020/6/29","2020/6/29"
"Iowa","Heavy Rain","2020/6/3","2020/6/3"
"Iowa","Heavy Rain","2020/6/27","2020/6/27"
"Missouri","Heavy Rain","2020/6/30","2020/6/30"
"Kentucky","Heavy Rain","2020/10/2","2020/10/2"
"Virginia","Heavy Rain","2020/6/17","2020/6/17"
"Montana","Heavy Rain","2020/6/30","2020/6/30"
"Iowa","Heavy Rain","2020/6/30","2020/6/30"
"Iowa","Heavy Rain","2020/6/28","2020/6/30"
"Iowa","Heavy Rain","2020/6/6","2020/6/7"
"Florida","Heavy Rain","2020/10/3","2020/10/3"
"American Samoa","Heavy Rain","2020/6/11","2020/6/11"
"Ohio","Heavy Rain","2020/6/3","2020/6/4"
"Ohio","Heavy Rain","2020/10/2","2020/10/2"
"Illinois","Heavy Rain","2020/6/3","2020/6/3"
"Iowa","Heavy Rain","2020/6/15","2020/6/19"
"West Virginia","Heavy Rain","2020/6/4","2020/6/4"
"West Virginia","Heavy Rain","2020/6/14","2020/6/14"
"West Virginia","Heavy Rain","2020/6/14","2020/6/15"
"Wisconsin","Heavy Rain","2020/10/2","2020/10/2"
"Tennessee","Heavy Rain","2020/10/2","2020/10/2"
"California","Heavy Rain","2020/6/25","2020/6/25"
"Texas","Heavy Rain","2020/6/18","2020/6/18"
"West Virginia","Heavy Rain","2020/6/19","2020/6/19"
"Georgia","Heavy Rain","2020/10/2","2020/10/2"
"Alabama","Heavy Rain","2020/6/29","2020/6/29"
"West Virginia","Heavy Rain","2020/6/27","2020/6/27"
"West Virginia","Heavy Rain","2020/6/27","2020/6/28"
"West Virginia","Heavy Rain","2020/6/30","2020/6/30"
"Kentucky","Heavy Rain","2020/6/30","2020/6/30"
"Louisiana","Heavy Rain","2020/10/1","2020/10/1"
"Illinois","Heavy Rain","2020/10/2","2020/10/2"
"Virginia","Heavy Rain","2020/6/18","2020/6/18"
"Virginia","Heavy Rain","2020/6/17","2020/6/21"
"Virginia","Heavy Rain","2020/6/17","2020/6/19"
"Alabama","Heavy Rain","2020/6/7","2020/6/7"
"Kansas","Heavy Rain","2020/6/27","2020/6/27"
"Arkansas","Heavy Rain","2020/10/2","2020/10/2"
"Oklahoma","Heavy Rain","2020/6/21","2020/6/21"
"South Dakota","Heavy Rain / Snow Melt","2020/6/1","2020/6/30"
"Mississippi","Heavy Rain","2020/10/2","2020/10/2"
"Florida","Heavy Rain","2020/10/2","2020/10/5"
"Virginia","Heavy Rain","2020/6/19","2020/6/19"
"South Dakota","Heavy Rain","2020/6/25","2020/6/25"
"New Hampshire","Heavy Rain","2020/6/28","2020/6/28"
"Louisiana","Heavy Rain / Tropical System","2020/10/8","2020/10/9"
"West Virginia","Heavy Rain","2020/6/21","2020/6/21"
"Virginia","Heavy Rain","2020/6/30","2020/6/30"
"Iowa","Heavy Rain","2020/6/10","2020/6/10"
"Georgia","Heavy Rain","2020/6/12","2020/6/13"
"Texas","Heavy Rain","2020/6/1","2020/6/1"
"Michigan","Heavy Rain","2020/6/10","2020/6/10"
"Pennsylvania","Heavy Rain","2020/6/4","2020/6/4"
"Arkansas","Heavy Rain","2020/6/8","2020/6/8"
"Alabama","Heavy Rain","2020/6/9","2020/6/9"
"Missouri","Heavy Rain","2020/6/4","2020/6/4"
"Arkansas","Heavy Rain","2020/6/23","2020/6/23"
"Minnesota","Heavy Rain","2020/6/9","2020/6/10"
"New York","Heavy Rain","2020/6/11","2020/6/11"
"Virginia","Heavy Rain","2020/6/19","2020/6/20"
"West Virginia","Heavy Rain","2020/6/18","2020/6/18"
"Maryland","Heavy Rain","2020/6/5","2020/6/5"
"Illinois","Heavy Rain","2020/6/26","2020/6/26"
"Missouri","Heavy Rain","2020/6/9","2020/6/9"
"District of Columbia","Heavy Rain","2020/6/5","2020/6/5"
"Virginia","Heavy Rain","2020/6/5","2020/6/5"
"Wisconsin","Heavy Rain","2020/6/10","2020/6/10"
"Wyoming","Heavy Rain","2020/6/19","2020/6/19"
"Massachusetts","Heavy Rain","2020/6/6","2020/6/6"
"Ohio","Heavy Rain","2020/6/5","2020/6/5"
"Mississippi","Heavy Rain","2020/6/9","2020/6/9"
"Tennessee","Heavy Rain","2020/6/9","2020/6/9"
"Ohio","Heavy Rain","2020/6/4","2020/6/4"
"Ohio","Heavy Rain","2020/6/30","2020/6/30"
"Indiana","Heavy Rain","2020/6/30","2020/6/30"
"Missouri","Heavy Rain / Tropical System","2020/6/9","2020/6/9"
"New Jersey","Heavy Rain","2020/6/11","2020/6/11"
"Delaware","Heavy Rain","2020/6/11","2020/6/11"
"Maryland","Heavy Rain","2020/6/22","2020/6/22"
"Puerto Rico","Heavy Rain","2020/6/12","2020/6/12"
"Puerto Rico","Heavy Rain","2020/6/25","2020/6/25"
"Puerto Rico","Heavy Rain","2020/6/28","2020/6/28"
"Colorado","Heavy Rain","2020/6/26","2020/6/26"
"Florida","Heavy Rain","2020/6/6","2020/6/6"
"Illinois","Heavy Rain","2020/6/3","2020/6/4"
"Texas","Heavy Rain","2020/6/4","2020/6/5"
"New York","Heavy Rain","2020/6/2","2020/6/3"
"Maryland","Heavy Rain","2020/6/6","2020/6/6"
"Arkansas","Heavy Rain","2020/6/1","2020/6/29"
"Arkansas","Heavy Rain","2020/6/1","2020/6/19"
"Arkansas","Heavy Rain","2020/6/1","2020/6/18"
"South Carolina","Heavy Rain","2020/6/24","2020/6/24"
"Florida","Heavy Rain","2020/6/3","2020/6/3"
"Arkansas","Heavy Rain","2020/6/3","2020/6/3"
"Arkansas","Heavy Rain","2020/6/1","2020/6/30"
"Iowa","Heavy Rain / Tropical System","2020/6/10","2020/6/11"
"Arkansas","Heavy Rain","2020/6/1","2020/6/2"
"Arkansas","Heavy Rain","2020/6/1","2020/6/3"
"Arkansas","Heavy Rain","2020/6/1","2020/6/4"
"Arkansas","Heavy Rain","2020/6/30","2020/6/30"
"New Jersey","Heavy Rain","2020/6/20","2020/6/20"
"West Virginia","Heavy Rain","2020/6/17","2020/6/18"
"Nevada","Heavy Rain","2020/6/24","2020/6/24"
"Colorado","Heavy Rain","2020/6/27","2020/6/27"
"Texas","Heavy Rain","2020/6/26","2020/6/26"
"Arkansas","Heavy Rain","2020/6/21","2020/6/22"
"West Virginia","Heavy Rain","2020/6/15","2020/6/15"
"Louisiana","Heavy Rain","2020/6/24","2020/6/24"
"Colorado","Heavy Rain","2020/6/6","2020/6/6"
"Illinois","Heavy Rain","2020/6/1","2020/6/14"
"Wyoming","Heavy Rain / Snow Melt","2020/6/1","2020/6/4"
"Colorado","Heavy Rain","2020/6/25","2020/6/25"
"North Dakota","Heavy Rain","2020/6/30","2020/6/30"
"Iowa","Heavy Rain","2020/6/21","2020/6/22"
"Louisiana","Heavy Rain","2020/6/10","2020/6/10"
"Florida","Heavy Rain","2020/6/5","2020/6/5"
"Montana","Heavy Rain / Snow Melt","2020/6/19","2020/6/20"
"Kansas","Heavy Rain","2020/6/26","2020/6/27"
"Iowa","Heavy Rain","2020/6/22","2020/6/24"
"Iowa","Heavy Rain","2020/6/23","2020/6/24"
"Massachusetts","Heavy Rain","2020/6/29","2020/6/29"
"Florida","Heavy Rain","2020/6/10","2020/6/10"
"Texas","Heavy Rain","2020/6/25","2020/6/25"
"Colorado","Heavy Rain / Snow Melt","2020/6/5","2020/6/5"
"Oklahoma","Heavy Rain","2020/6/19","2020/6/19"
"Ohio","Heavy Rain","2020/6/21","2020/6/21"
"Wyoming","Heavy Rain / Snow Melt","2020/6/29","2020/6/30"
"Wyoming","Heavy Rain / Snow Melt","2020/6/30","2020/6/30"
"Florida","Heavy Rain","2020/6/19","2020/6/19"
"Iowa","Heavy Rain","2020/6/23","2020/6/27"
"Maine","Heavy Rain","2020/6/28","2020/6/28"
"Massachusetts","Heavy Rain","2020/6/21","2020/6/21"
"Missouri","Heavy Rain","2020/6/3","2020/6/3"
"Kentucky","Heavy Rain","2020/6/4","2020/6/4"
"Missouri","Heavy Rain","2020/6/1","2020/6/3"
"Missouri","Heavy Rain","2020/6/1","2020/6/17"
"Maryland","Heavy Rain","2020/6/27","2020/6/27"
"Wisconsin","Heavy Rain","2020/6/1","2020/6/30"
"Georgia","Heavy Rain","2020/6/7","2020/6/7"
"Florida","Heavy Rain","2020/6/9","2020/6/9"
"Indiana","Heavy Rain","2020/6/27","2020/6/28"
"Iowa","Heavy Rain / Tropical System","2020/6/9","2020/6/11"
"Texas","Heavy Rain","2020/6/10","2020/6/10"
"Arkansas","Heavy Rain","2020/6/22","2020/6/22"
"Connecticut","Heavy Rain","2020/6/11","2020/6/11"
"Oregon","Heavy Rain","2020/5/30","2020/5/30"
"Colorado","Heavy Rain","2020/7/22","2020/7/22"
"Colorado","Heavy Rain","2020/7/27","2020/7/27"
"Oregon","Heavy Rain","2020/5/20","2020/5/22"
"Oregon","Heavy Rain","2020/5/20","2020/5/21"
"Oregon","Heavy Rain","2020/5/21","2020/5/21"
"Arizona","Heavy Rain","2020/9/9","2020/9/9"
"Arizona","Heavy Rain","2020/9/8","2020/9/9"
"Wyoming","Heavy Rain","2020/7/3","2020/7/3"
"Puerto Rico","Heavy Rain","2020/9/23","2020/9/23"
"Puerto Rico","Heavy Rain","2020/9/7","2020/9/7"
"Mississippi","Heavy Rain","2020/8/30","2020/8/30"
"Colorado","Heavy Rain / Burn Area","2020/7/26","2020/7/26"
"Colorado","Heavy Rain / Burn Area","2020/7/26","2020/7/27"
"Puerto Rico","Heavy Rain","2020/5/27","2020/5/27"
"Colorado","Heavy Rain / Burn Area","2020/7/28","2020/7/28"
"North Carolina","Heavy Rain","2020/8/15","2020/8/16"
"Ohio","Heavy Rain","2020/6/27","2020/6/27"
"North Carolina","Heavy Rain","2020/8/14","2020/8/14"
"Pennsylvania","Heavy Rain / Burn Area","2020/6/27","2020/6/27"
"Pennsylvania","Heavy Rain","2020/6/27","2020/6/27"
"North Carolina","Heavy Rain / Tropical System","2020/8/4","2020/8/4"
"Oregon","Heavy Rain","2020/9/17","2020/9/18"
"Washington","Heavy Rain","2020/9/17","2020/9/18"
"Maine","Heavy Rain","2020/7/14","2020/7/14"
"Florida","Heavy Rain","2020/4/23","2020/4/23"
"Vermont","Heavy Rain / Snow Melt","2020/12/2","2020/12/2"
"New Hampshire","Heavy Rain / Snow Melt","2020/12/1","2020/12/1"
"American Samoa","Heavy Rain","2020/12/1","2020/12/1"
"Massachusetts","Heavy Rain / Snow Melt","2020/12/2","2020/12/2"
"New York","Heavy Rain","2020/12/2","2020/12/2"
"New Hampshire","Heavy Rain","2020/7/14","2020/7/14"
"Georgia","Heavy Rain","2020/4/23","2020/4/23"
"Iowa","Heavy Rain","2020/5/14","2020/5/14"
"Michigan","Heavy Rain","2020/8/9","2020/8/9"
"Arizona","Heavy Rain / Burn Area","2020/7/27","2020/7/27"
"Arizona","Heavy Rain","2020/8/29","2020/8/29"
"Michigan","Heavy Rain","2020/8/9","2020/8/10"
"Arizona","Heavy Rain","2020/8/20","2020/8/21"
"Arizona","Heavy Rain / Burn Area","2020/8/22","2020/8/22"
