"FATALITY_ID","EVENT_ID","FATALITY_DATE","FATALITY_AGE","FATALITY_SEX","FATALITY_LOCATION","FATALITY_MONTH"
41107,891279,2020-04-24,16,"M","In Water","April"
41201,897962,2020-01-14,44,"M","Boating","January"
41202,897962,2020-01-14,57,"M","Boating","January"
41203,897962,2020-01-14,59,"M","Boating","January"
41291,871629,2020-01-11,51,"M","Mobile/Trailer Home","January"
41292,871629,2020-01-11,85,"M","Mobile/Trailer Home","January"
40984,883722,2020-03-07,NA,"F","Outside/Open Areas","March"
40781,877285,2020-02-06,80,"F","Vehicle/Towed Trailer","February"
41293,871629,2020-01-11,75,"F","Mobile/Trailer Home","January"
40839,881954,2020-04-07,NA,"","Unknown","April"
41038,889030,2020-04-22,29,"M","Unknown","April"
41039,889030,2020-04-22,27,"F","Unknown","April"
41040,889030,2020-04-22,NA,"M","Unknown","April"
41294,878237,2020-02-06,54,"F","Mobile/Trailer Home","February"
41286,879197,2020-03-20,NA,"F","In Water","March"
41287,879197,2020-03-20,17,"M","In Water","March"
41501,917518,2020-09-03,81,"F","Permanent Home","September"
41502,917518,2020-09-03,72,"M","Permanent Home","September"
42014,923091,2020-11-15,43,"M","Boating","November"
41234,901386,2020-01-17,34,"M","Outside/Open Areas","January"
42015,923091,2020-11-15,60,"M","Boating","November"
41866,923169,2020-11-24,NA,"","Vehicle/Towed Trailer","November"
41288,909156,2020-03-28,38,"M","In Water","March"
41503,917518,2020-08-28,31,"M","Permanent Home","August"
41506,917518,2020-09-03,84,"M","Permanent Home","September"
41508,917518,2020-09-07,49,"M","Permanent Home","September"
41504,917518,2020-09-04,59,"M","Under Tree","September"
41509,917518,2020-10-03,29,"M","Vehicle/Towed Trailer","October"
41471,917655,2020-08-29,54,"F","In Water","August"
41467,917670,2020-08-11,61,"M","Outside/Open Areas","August"
41468,917682,2020-08-18,52,"M","Other","August"
41916,924168,2020-11-19,51,"M","Vehicle/Towed Trailer","November"
41918,924366,2020-11-26,4,"F","In Water","November"
41511,918078,2020-08-30,36,"M","Outside/Open Areas","August"
41512,918078,2020-08-31,80,"M","Permanent Home","August"
41510,918079,2020-08-27,14,"F","Permanent Home","August"
41519,918080,2020-08-27,64,"F","Permanent Home","August"
41520,918080,2020-08-28,84,"M","Permanent Home","August"
41521,918080,2020-08-28,80,"F","Permanent Home","August"
41525,918081,2020-08-27,68,"M","Permanent Home","August"
41517,918083,2020-09-08,49,"M","Mobile/Trailer Home","September"
41516,918083,2020-08-27,67,"M","Permanent Home","August"
41518,918083,2020-08-29,50,"M","Permanent Home","August"
41919,924367,2020-11-15,NA,"","In Water","November"
41526,918105,2020-08-27,60,"M","Permanent Structure","August"
41527,918105,2020-08-27,53,"M","Permanent Structure","August"
41528,918105,2020-08-27,NA,"M","Permanent Structure","August"
41529,918105,2020-08-27,NA,"","Permanent Structure","August"
41530,918105,2020-08-27,NA,"","Permanent Structure","August"
41532,918460,2020-08-04,60,"F","Permanent Home","August"
41651,918700,2020-08-04,NA,"","Vehicle/Towed Trailer","August"
41544,918810,2020-09-02,NA,"M","Outside/Open Areas","September"
41546,918812,2020-08-14,69,"M","Outside/Open Areas","August"
41936,924641,2020-11-29,50,"M","Vehicle/Towed Trailer","November"
42296,928547,2020-11-22,18,"F","Vehicle/Towed Trailer","November"
41562,919148,2020-08-20,82,"M","Permanent Home","August"
41566,919149,2020-08-20,64,"M","Permanent Home","August"
42297,928551,2020-11-22,6,"","Vehicle/Towed Trailer","November"
42021,928557,2020-11-30,34,"M","Vehicle/Towed Trailer","November"
42022,928557,2020-11-30,33,"F","Vehicle/Towed Trailer","November"
42157,928567,2020-11-10,21,"M","Vehicle/Towed Trailer","November"
42158,928610,2020-11-10,27,"M","Vehicle/Towed Trailer","November"
42159,928624,2020-11-10,55,"M","Vehicle/Towed Trailer","November"
42160,928624,2020-11-10,43,"M","Vehicle/Towed Trailer","November"
42038,928851,2020-11-13,68,"M","Vehicle/Towed Trailer","November"
42163,928921,2020-11-10,70,"M","Vehicle/Towed Trailer","November"
42164,928921,2020-11-10,72,"M","Vehicle/Towed Trailer","November"
41650,919297,2020-08-27,51,"M","Mobile/Trailer Home","August"
41642,919334,2020-08-11,41,"F","Permanent Home","August"
41643,919340,2020-08-10,41,"M","Outside/Open Areas","August"
41652,919557,2020-08-25,56,"M","Permanent Home","August"
41295,909473,2020-09-05,16,"M","In Water","September"
41296,909474,2020-09-06,57,"M","In Water","September"
41298,909475,2020-09-07,NA,"","Unknown","September"
41432,909610,2020-09-08,NA,"","Unknown","September"
41433,909610,2020-09-08,NA,"","Unknown","September"
40755,877114,2020-04-16,27,"M","Vehicle/Towed Trailer","April"
40765,877048,2020-04-15,30,"M","Outside/Open Areas","April"
40766,877419,2020-04-12,60,"M","Outside/Open Areas","April"
40806,880057,2020-04-22,48,"M","In Water","April"
40807,879418,2020-04-29,1,"M","Vehicle/Towed Trailer","April"
40808,879418,2020-04-29,2,"M","Vehicle/Towed Trailer","April"
40809,879418,2020-04-29,4,"F","Vehicle/Towed Trailer","April"
40810,879418,2020-04-29,6,"F","Vehicle/Towed Trailer","April"
40811,879418,2020-04-29,12,"F","Vehicle/Towed Trailer","April"
40830,881161,2020-04-28,44,"M","Under Tree","April"
40843,882493,2020-04-12,62,"M","Permanent Structure","April"
40992,884080,2020-04-12,32,"M","Vehicle/Towed Trailer","April"
41006,886389,2020-04-21,80,"M","Outside/Open Areas","April"
41007,884482,2020-04-08,42,"M","Vehicle/Towed Trailer","April"
41015,887797,2020-04-30,82,"M","Vehicle/Towed Trailer","April"
41016,887943,2020-04-13,61,"F","Mobile/Trailer Home","April"
41041,889119,2020-04-09,61,"M","Outside/Open Areas","April"
41064,889259,2020-04-12,59,"F","Mobile/Trailer Home","April"
41065,889259,2020-04-12,20,"F","Mobile/Trailer Home","April"
41066,889259,2020-04-12,63,"F","Mobile/Trailer Home","April"
41067,889259,2020-04-12,50,"M","Mobile/Trailer Home","April"
41068,889259,2020-04-12,79,"M","Mobile/Trailer Home","April"
41069,889259,2020-04-12,75,"F","Mobile/Trailer Home","April"
41070,889259,2020-04-12,48,"M","Mobile/Trailer Home","April"
41071,889259,2020-04-12,57,"M","Mobile/Trailer Home","April"
41072,889288,2020-04-13,34,"M","Permanent Home","April"
41073,886100,2020-04-13,77,"M","Long Span Roof","April"
41083,890139,2020-04-01,28,"M","Outside/Open Areas","April"
41084,890140,2020-04-03,46,"M","Outside/Open Areas","April"
41088,890149,2020-04-12,33,"F","In Water","April"
41090,890609,2020-04-12,29,"M","Permanent Home","April"
41091,876337,2020-04-12,46,"M","Mobile/Trailer Home","April"
41092,876337,2020-04-15,4,"M","Permanent Home","April"
41099,890717,2020-04-13,57,"M","Vehicle/Towed Trailer","April"
41100,890652,2020-04-22,46,"M","Vehicle/Towed Trailer","April"
41101,890652,2020-04-22,46,"M","Outside/Open Areas","April"
41115,880478,2020-05-04,71,"F","Permanent Structure","May"
40836,881748,2020-05-11,18,"M","In Water","May"
40837,881749,2020-05-16,19,"M","In Water","May"
41009,882294,2020-05-19,46,"F","Vehicle/Towed Trailer","May"
40842,882377,2020-05-21,62,"M","In Water","May"
40986,883052,2020-05-17,74,"F","Outside/Open Areas","May"
40993,884487,2020-05-27,NA,"M","In Water","May"
40994,884489,2020-05-28,31,"M","In Water","May"
41010,886295,2020-05-27,41,"M","Heavy Equipment/Construction","May"
41013,887620,2020-05-30,NA,"","Outside/Open Areas","May"
41167,888186,2020-05-15,NA,"M","Vehicle/Towed Trailer","May"
41019,888317,2020-05-22,57,"M","Vehicle/Towed Trailer","May"
41063,889249,2020-05-20,29,"M","In Water","May"
41149,892202,2020-05-06,73,"M","Outside/Open Areas","May"
41148,892243,2020-05-29,29,"M","In Water","May"
41165,892502,2020-05-11,3,"F","In Water","May"
41166,892502,2020-05-11,7,"F","In Water","May"
41147,892770,2020-05-15,18,"F","In Water","May"
41172,893920,2020-05-21,20,"M","Mobile/Trailer Home","May"
41196,894099,2020-05-15,43,"M","In Water","May"
41164,894576,2020-05-24,17,"M","In Water","May"
41168,895063,2020-05-05,32,"M","Outside/Open Areas","May"
41170,895549,2020-05-17,26,"F","Mobile/Trailer Home","May"
41177,895786,2020-06-06,51,"M","Outside/Open Areas","June"
41179,895889,2020-05-26,21,"M","Outside/Open Areas","May"
41195,896679,2020-05-22,NA,"M","Permanent Home","May"
41217,897267,2020-05-03,34,"M","Outside/Open Areas","May"
41188,897450,2020-05-07,47,"M","In Water","May"
41207,898115,2020-05-28,24,"M","In Water","May"
41208,898115,2020-05-28,NA,"M","In Water","May"
41209,898115,2020-05-28,NA,"M","In Water","May"
40985,884311,2020-06-02,61,"M","Boating","June"
40996,885500,2020-06-03,38,"M","Permanent Structure","June"
40997,885505,2020-06-03,49,"F","Vehicle/Towed Trailer","June"
40998,885507,2020-06-03,NA,"M","Vehicle/Towed Trailer","June"
40999,885522,2020-06-03,NA,"M","Permanent Home","June"
41000,886010,2020-06-06,65,"F","Outside/Open Areas","June"
41231,901229,2020-08-08,50,"M","In Water","August"
41232,901229,2020-08-08,14,"M","In Water","August"
41259,906012,2020-08-25,NA,"M","In Water","August"
41110,891933,2020-06-06,70,"M","Outside/Open Areas","June"
41113,891995,2020-06-29,NA,"F","Unknown","June"
41114,891995,2020-06-29,NA,"M","Unknown","June"
41116,892093,2020-06-04,31,"M","In Water","June"
41119,892334,2020-06-05,3,"M","In Water","June"
41162,894477,2020-06-23,18,"M","In Water","June"
41212,898393,2020-06-30,NA,"M","Unknown","June"
41213,898393,2020-06-30,NA,"M","Unknown","June"
41221,899310,2020-06-13,4,"F","Vehicle/Towed Trailer","June"
41222,899310,2020-06-13,3,"M","Vehicle/Towed Trailer","June"
41228,900616,2020-06-28,47,"M","Mobile/Trailer Home","June"
41245,903372,2020-06-21,NA,"","Permanent Home","June"
41250,903730,2020-06-19,25,"M","In Water","June"
41251,903730,2020-06-20,53,"M","In Water","June"
41252,903730,2020-06-20,71,"M","In Water","June"
41253,903916,2020-06-09,64,"F","Boating","June"
41361,908492,2020-08-16,70,"M","Unknown","August"
41649,908796,2020-08-27,54,"M","Mobile/Trailer Home","August"
41266,906034,2020-06-24,NA,"","Boating","June"
41267,906080,2020-06-10,26,"M","In Water","June"
41300,909838,2020-06-15,60,"M","Boating","June"
41301,909838,2020-06-15,50,"M","Boating","June"
41281,908916,2020-08-03,15,"M","In Water","August"
41445,911404,2020-08-31,52,"M","Outside/Open Areas","August"
41357,912887,2020-08-17,70,"F","Permanent Home","August"
41358,912887,2020-08-17,NA,"M","Permanent Home","August"
41359,912887,2020-08-17,NA,"M","Permanent Home","August"
41427,915489,2020-08-11,59,"M","Outside/Open Areas","August"
41548,915720,2020-08-30,73,"M","Vehicle/Towed Trailer","August"
41428,915914,2020-08-16,16,"M","In Water","August"
41429,915914,2020-08-18,18,"M","In Water","August"
41430,915918,2020-08-16,21,"M","In Water","August"
41664,916103,2020-08-10,63,"M","Outside/Open Areas","August"
41451,917285,2020-08-15,4,"M","Vehicle/Towed Trailer","August"
41497,917518,2020-08-27,NA,"M","Boating","August"
41505,917518,2020-09-17,22,"M","Heavy Equipment/Construction","September"
41507,917518,2020-08-29,57,"M","Outside/Open Areas","August"
41498,917518,2020-08-27,24,"M","Permanent Home","August"
41499,917518,2020-09-03,54,"F","Permanent Home","September"
41500,917518,2020-09-03,61,"M","Permanent Home","September"
40667,871648,2020-03-09,17,"M","Outside/Open Areas","March"
40707,873985,2020-03-14,17,"M","Vehicle/Towed Trailer","March"
40801,879223,2020-03-14,23,"F","Vehicle/Towed Trailer","March"
40803,879632,2020-03-18,36,"M","Outside/Open Areas","March"
40818,880581,2020-03-19,30,"M","Vehicle/Towed Trailer","March"
40820,873165,2020-03-21,14,"F","Vehicle/Towed Trailer","March"
40821,880568,2020-03-05,63,"M","Vehicle/Towed Trailer","March"
40834,881590,2020-03-15,60,"M","Outside/Open Areas","March"
40849,882846,2020-03-19,35,"F","Vehicle/Towed Trailer","March"
40850,882919,2020-03-13,25,"F","Vehicle/Towed Trailer","March"
40851,882919,2020-03-13,11,"F","Vehicle/Towed Trailer","March"
40883,883022,2020-03-10,68,"F","In Water","March"
41322,912411,2020-07-05,24,"M","Outside/Open Areas","July"
41323,912417,2020-07-08,30,"M","Outside/Open Areas","July"
41324,912418,2020-07-08,19,"M","Outside/Open Areas","July"
41329,912438,2020-07-13,30,"M","Outside/Open Areas","July"
41330,912439,2020-07-10,19,"M","Outside/Open Areas","July"
41331,912444,2020-07-11,19,"M","Outside/Open Areas","July"
41332,912466,2020-07-16,16,"M","Outside/Open Areas","July"
41549,912467,2020-07-21,23,"M","Outside/Open Areas","July"
41550,912468,2020-07-21,43,"M","Outside/Open Areas","July"
41336,912469,2020-07-24,NA,"M","Outside/Open Areas","July"
41341,912481,2020-07-29,24,"M","Outside/Open Areas","July"
41342,912481,2020-07-29,30,"M","Outside/Open Areas","July"
41346,912685,2020-07-05,34,"F","Outside/Open Areas","July"
41388,913363,2020-07-23,54,"M","Unknown","July"
41412,914929,2020-07-30,28,"M","Under Tree","July"
41473,917804,2020-07-25,47,"M","Boating","July"
41215,898441,2020-07-31,NA,"M","In Water","July"
41448,917271,2020-09-16,30,"M","Permanent Home","September"
41449,917275,2020-09-17,71,"F","Outside/Open Areas","September"
41531,916399,2020-08-04,76,"M","In Water","August"
41569,919167,2020-08-16,24,"M","Outside/Open Areas","August"
41653,919146,2020-08-08,22,"M","Outside/Open Areas","August"
41654,919146,2020-08-08,28,"M","Outside/Open Areas","August"
41656,919147,2020-08-10,32,"M","Outside/Open Areas","August"
41657,919158,2020-08-17,45,"M","Outside/Open Areas","August"
41659,919182,2020-08-28,33,"M","Outside/Open Areas","August"
41686,919180,2020-08-23,40,"M","Outside/Open Areas","August"
41689,919177,2020-08-25,36,"M","Outside/Open Areas","August"
41693,919176,2020-08-25,26,"M","Outside/Open Areas","August"
41694,919176,2020-08-25,32,"M","Outside/Open Areas","August"
41695,919178,2020-08-25,20,"M","Outside/Open Areas","August"
41696,919161,2020-08-13,21,"M","Outside/Open Areas","August"
41697,919162,2020-08-14,36,"M","Outside/Open Areas","August"
41728,880988,2020-04-12,47,"F","Mobile/Trailer Home","April"
41812,922401,2020-08-05,77,"M","Outside/Open Areas","August"
41813,922401,2020-08-05,42,"M","Outside/Open Areas","August"
41824,899721,2020-04-19,71,"M","Mobile/Trailer Home","April"
41843,902815,2020-04-12,60,"M","Mobile/Trailer Home","April"
41844,902815,2020-04-12,55,"F","Mobile/Trailer Home","April"
41849,902843,2020-04-12,81,"F","Permanent Home","April"
41850,902843,2020-04-12,42,"F","Mobile/Trailer Home","April"
41851,902843,2020-04-16,66,"F","Unknown","April"
41852,902843,2020-04-13,NA,"M","Unknown","April"
41928,889068,2020-04-13,56,"M","Mobile/Trailer Home","April"
41929,889068,2020-04-13,56,"F","Mobile/Trailer Home","April"
41930,889068,2020-04-13,26,"F","Mobile/Trailer Home","April"
41931,889068,2020-04-13,41,"M","Mobile/Trailer Home","April"
41932,889068,2020-04-13,25,"M","Mobile/Trailer Home","April"
41933,888955,2020-04-13,46,"F","Permanent Home","April"
41938,924716,2020-09-10,58,"M","Under Tree","September"
41944,902831,2020-04-12,44,"F","Business","April"
41945,902831,2020-04-12,64,"F","Business","April"
41946,902831,2020-04-12,61,"M","Business","April"
41947,902831,2020-04-12,46,"M","Business","April"
41968,919227,2020-08-31,49,"M","Vehicle/Towed Trailer","August"
42016,920521,2020-09-09,71,"M","Vehicle/Towed Trailer","September"
42017,920521,2020-09-09,62,"M","Vehicle/Towed Trailer","September"
42019,928259,2020-08-04,5,"F","Outside/Open Areas","August"
42020,928258,2020-08-04,44,"F","Unknown","August"
42039,883908,2020-06-09,35,"M","Other","June"
42121,929692,2020-11-15,63,"F","Outside/Open Areas","November"
42149,929974,2020-11-28,7,"M","In Water","November"
42178,930588,2020-11-12,49,"F","Camping","November"
42179,930588,2020-11-12,18,"M","Camping","November"
42180,930588,2020-11-12,52,"F","Camping","November"
42181,930588,2020-11-12,76,"M","Camping","November"
42182,930588,2020-11-12,1,"M","Camping","November"
42177,930828,2020-11-12,64,"M","Vehicle/Towed Trailer","November"
42176,930882,2020-11-12,23,"M","Vehicle/Towed Trailer","November"
42199,930946,2020-11-14,61,"M","Unknown","November"
42200,930946,2020-11-14,18,"M","Unknown","November"
42201,930946,2020-11-14,20,"F","Unknown","November"
42202,930946,2020-11-14,19,"F","Unknown","November"
42203,930946,2020-11-14,19,"M","Unknown","November"
42349,932473,2020-11-17,NA,"","Unknown","November"
42444,910956,2020-07-30,50,"F","In Water","July"
41403,913350,2020-08-04,62,"M","Mobile/Trailer Home","August"
41404,913350,2020-08-04,52,"F","Mobile/Trailer Home","August"
41854,921694,2020-09-08,61,"M","Outside/Open Areas","September"
40773,877756,2020-02-07,43,"F","Vehicle/Towed Trailer","February"
41074,889692,2020-06-25,27,"M","Outside/Open Areas","June"
41191,897699,2020-05-30,NA,"M","Under Tree","May"
41270,907203,2020-07-07,4,"M","Vehicle/Towed Trailer","July"
41424,915588,2020-08-10,51,"F","Outside/Open Areas","August"
41431,915780,2020-08-27,73,"M","Vehicle/Towed Trailer","August"
41479,917898,2020-08-18,23,"M","In Water","August"
41491,918104,2020-08-26,24,"M","Other","August"
41551,917811,2020-08-23,18,"F","In Water","August"
41691,917888,2020-08-04,NA,"M","Under Tree","August"
41741,912087,2020-07-09,16,"M","Under Tree","July"
41800,921886,2020-05-24,36,"F","In Water","May"
41805,897946,2020-07-30,44,"M","In Water","July"
41806,897946,2020-07-30,24,"M","In Water","July"
41807,897946,2020-07-30,13,"F","In Water","July"
41903,923901,2020-08-04,60,"M","Under Tree","August"
41904,923902,2020-08-04,60,"M","Under Tree","August"
41905,923903,2020-08-04,60,"M","Under Tree","August"
41906,923904,2020-08-04,60,"M","Under Tree","August"
41907,923905,2020-08-04,60,"M","Under Tree","August"
41908,923906,2020-08-04,60,"M","Under Tree","August"
41915,917890,2020-08-04,60,"M","Under Tree","August"
44857,991997,2020-07-03,NA,"","Unknown","July"
44859,991998,2020-07-04,NA,"","Unknown","July"
44860,991999,2020-07-05,NA,"","Unknown","July"
44861,991999,2020-07-05,NA,"","Unknown","July"
44862,991999,2020-07-05,NA,"","Unknown","July"
44863,992000,2020-07-06,NA,"","Unknown","July"
44864,992000,2020-07-06,NA,"","Unknown","July"
44865,992000,2020-07-06,NA,"","Unknown","July"
44866,992000,2020-07-06,NA,"","Unknown","July"
44867,992001,2020-07-07,NA,"","Unknown","July"
44868,992001,2020-07-07,NA,"","Unknown","July"
44870,992001,2020-07-07,NA,"","Unknown","July"
44871,992001,2020-07-07,NA,"","Unknown","July"
44872,992002,2020-07-08,NA,"","Unknown","July"
44873,992002,2020-07-08,NA,"","Unknown","July"
44874,992002,2020-07-08,NA,"","Unknown","July"
44875,992003,2020-07-10,NA,"","Unknown","July"
44876,992003,2020-07-10,NA,"","Unknown","July"
44877,992003,2020-07-10,NA,"","Unknown","July"
44878,992003,2020-07-11,NA,"","Unknown","July"
44879,992003,2020-07-11,NA,"","Unknown","July"
44880,992003,2020-07-11,NA,"","Unknown","July"
44882,992003,2020-07-11,NA,"","Unknown","July"
44883,992003,2020-07-11,NA,"","Unknown","July"
44884,992003,2020-07-12,NA,"","Unknown","July"
44885,992003,2020-07-12,NA,"","Unknown","July"
44886,992003,2020-07-12,NA,"","Unknown","July"
44887,992003,2020-07-12,NA,"","Unknown","July"
44888,992003,2020-07-12,NA,"","Unknown","July"
44889,992003,2020-07-12,NA,"","Unknown","July"
44890,992003,2020-07-12,NA,"","Unknown","July"
44891,992003,2020-07-12,NA,"","Unknown","July"
44893,992003,2020-07-13,NA,"","Unknown","July"
44894,992003,2020-07-13,NA,"","Unknown","July"
44895,992003,2020-07-13,NA,"","Unknown","July"
44896,992003,2020-07-13,NA,"","Unknown","July"
44897,992003,2020-07-13,NA,"","Unknown","July"
44899,992003,2020-07-13,NA,"","Unknown","July"
44900,992003,2020-07-13,NA,"","Unknown","July"
44901,992003,2020-07-13,NA,"","Unknown","July"
44902,992003,2020-07-13,NA,"","Unknown","July"
44903,992003,2020-07-13,NA,"","Unknown","July"
44905,992003,2020-07-13,NA,"","Unknown","July"
44906,992003,2020-07-13,NA,"","Unknown","July"
44907,992004,2020-07-14,NA,"","Unknown","July"
44908,992004,2020-07-14,NA,"","Unknown","July"
44909,992004,2020-07-14,NA,"","Unknown","July"
44910,992004,2020-07-14,NA,"","Unknown","July"
44911,992004,2020-07-14,NA,"","Unknown","July"
44912,992004,2020-07-14,NA,"","Unknown","July"
44913,992004,2020-07-14,NA,"","Unknown","July"
44914,992004,2020-07-14,NA,"","Unknown","July"
44915,992004,2020-07-14,NA,"","Unknown","July"
44917,992004,2020-07-14,NA,"","Unknown","July"
44918,992004,2020-07-14,NA,"","Unknown","July"
44922,992005,2020-07-09,NA,"","Unknown","July"
44923,992005,2020-07-09,NA,"","Unknown","July"
44924,992005,2020-07-09,NA,"","Unknown","July"
44925,992006,2020-07-15,NA,"","Unknown","July"
44926,992006,2020-07-15,NA,"","Unknown","July"
44927,992006,2020-07-15,NA,"","Unknown","July"
44928,992006,2020-07-15,NA,"","Unknown","July"
44929,992006,2020-07-15,NA,"","Unknown","July"
44931,992006,2020-07-15,NA,"","Unknown","July"
44932,992006,2020-07-15,NA,"","Unknown","July"
44933,992007,2020-07-16,NA,"","Unknown","July"
44935,992007,2020-07-16,NA,"","Unknown","July"
44936,992007,2020-07-16,NA,"","Unknown","July"
44937,992007,2020-07-16,NA,"","Unknown","July"
44938,992007,2020-07-16,NA,"","Unknown","July"
44939,992007,2020-07-16,NA,"","Unknown","July"
44940,992007,2020-07-16,NA,"","Unknown","July"
44941,992007,2020-07-16,NA,"","Unknown","July"
44943,992007,2020-07-16,NA,"","Unknown","July"
44944,992007,2020-07-16,NA,"","Unknown","July"
44945,992007,2020-07-16,NA,"","Unknown","July"
44946,992007,2020-07-16,NA,"","Unknown","July"
44947,992008,2020-07-17,NA,"","Unknown","July"
44948,992008,2020-07-17,NA,"","Unknown","July"
44966,992009,2020-07-18,NA,"","Unknown","July"
44967,992009,2020-07-18,NA,"","Unknown","July"
44968,992009,2020-07-18,NA,"","Unknown","July"
44969,992009,2020-07-18,NA,"","Unknown","July"
44954,992010,2020-07-19,NA,"","Unknown","July"
44955,992010,2020-07-19,NA,"","Unknown","July"
44956,992010,2020-07-19,NA,"","Unknown","July"
44957,992010,2020-07-19,NA,"","Unknown","July"
44958,992010,2020-07-19,NA,"","Unknown","July"
44959,992010,2020-07-19,NA,"","Unknown","July"
44960,992010,2020-07-19,NA,"","Unknown","July"
44961,992010,2020-07-19,NA,"","Unknown","July"
44962,992010,2020-07-19,NA,"","Unknown","July"
40684,863829,2020-01-03,63,"F","Permanent Home","January"
40095,863926,2020-01-07,NA,"M","Vehicle/Towed Trailer","January"
40242,865048,2020-01-17,NA,"M","Vehicle/Towed Trailer","January"
40294,865786,2020-01-23,NA,"M","Vehicle/Towed Trailer","January"
40288,865838,2020-01-11,39,"M","Outside/Open Areas","January"
40289,865838,2020-01-11,27,"M","Outside/Open Areas","January"
40384,866243,2020-01-18,44,"F","Outside/Open Areas","January"
40600,866919,2020-01-01,26,"M","Outside/Open Areas","January"
40601,866919,2020-01-01,24,"M","Outside/Open Areas","January"
40515,867068,2020-01-30,28,"F","Vehicle/Towed Trailer","January"
40516,867068,2020-01-30,59,"M","Vehicle/Towed Trailer","January"
40455,867124,2020-01-10,58,"M","Vehicle/Towed Trailer","January"
40456,867163,2020-01-11,14,"M","Vehicle/Towed Trailer","January"
40530,868181,2020-01-24,62,"M","Vehicle/Towed Trailer","January"
40531,868181,2020-01-24,16,"M","Vehicle/Towed Trailer","January"
40654,869337,2020-01-18,18,"M","Outside/Open Areas","January"
40641,870754,2020-01-07,58,"M","Outside/Open Areas","January"
40642,870754,2020-01-07,46,"M","Outside/Open Areas","January"
40643,870754,2020-01-07,33,"F","Outside/Open Areas","January"
40708,870889,2020-01-16,18,"F","Outside/Open Areas","January"
40661,871138,2020-01-23,46,"F","Outside/Open Areas","January"
40709,871694,2020-01-11,NA,"","Vehicle/Towed Trailer","January"
40676,872110,2020-01-20,80,"F","Permanent Home","January"
40712,872351,2020-01-04,60,"M","Vehicle/Towed Trailer","January"
40680,872628,2020-01-10,53,"F","Vehicle/Towed Trailer","January"
40697,873666,2020-01-13,NA,"","School","January"
40698,873666,2020-01-13,NA,"","School","January"
40699,873666,2020-01-13,NA,"","School","January"
40702,873776,2020-01-15,50,"M","Vehicle/Towed Trailer","January"
40713,873932,2020-01-14,NA,"M","Vehicle/Towed Trailer","January"
40714,873932,2020-01-14,NA,"F","Vehicle/Towed Trailer","January"
41434,909610,2020-09-08,55,"M","Mobile/Trailer Home","September"
41682,920098,2020-09-28,43,"M","In Water","September"
41683,920098,2020-09-28,NA,"M","In Water","September"
41727,920824,2020-09-07,1,"M","Outside/Open Areas","September"
41742,920964,2020-09-02,92,"M","Permanent Home","September"
41743,920964,2020-09-02,91,"F","Permanent Home","September"
41773,921112,2020-09-16,NA,"M","In Water","September"
41782,921131,2020-09-16,45,"F","Vehicle/Towed Trailer","September"
41783,921131,2020-09-16,27,"M","Boating","September"
41784,921287,2020-09-10,20,"M","In Water","September"
41785,921360,2020-09-13,6,"M","In Water","September"
41790,921108,2020-09-16,39,"M","Under Tree","September"
41791,921108,2020-09-16,NA,"","Permanent Home","September"
41801,921883,2020-09-28,NA,"","Unknown","September"
41804,922114,2020-09-11,22,"F","In Water","September"
41827,922725,2020-09-08,75,"F","Unknown","September"
41828,922725,2020-09-08,79,"M","Unknown","September"
41829,922725,2020-09-08,26,"M","Unknown","September"
41830,922725,2020-09-08,68,"M","Unknown","September"
41831,922725,2020-09-08,58,"","Unknown","September"
41832,922725,2020-09-08,77,"","Unknown","September"
41833,922725,2020-09-08,16,"M","Unknown","September"
41834,922725,2020-09-08,NA,"","Unknown","September"
41835,922725,2020-09-08,NA,"","Unknown","September"
41836,922725,2020-09-08,NA,"","Unknown","September"
41837,922725,2020-09-08,NA,"","Unknown","September"
41838,922725,2020-09-08,NA,"","Unknown","September"
41839,922725,2020-09-08,NA,"","Unknown","September"
41840,922725,2020-09-08,NA,"","Unknown","September"
41841,922725,2020-09-08,NA,"","Unknown","September"
41842,922725,2020-09-08,NA,"","Unknown","September"
41887,923441,2020-09-28,79,"F","Unknown","September"
41888,923441,2020-09-28,45,"F","Unknown","September"
41889,923441,2020-09-28,52,"M","Permanent Structure","September"
41890,923441,2020-09-28,8,"F","Unknown","September"
40686,872994,2020-03-20,48,"M","Vehicle/Towed Trailer","March"
40687,872994,2020-03-20,47,"M","Vehicle/Towed Trailer","March"
40688,872994,2020-03-20,35,"F","Vehicle/Towed Trailer","March"
40689,872994,2020-03-20,13,"M","Vehicle/Towed Trailer","March"
40690,872994,2020-03-20,7,"F","Vehicle/Towed Trailer","March"
40691,872994,2020-03-20,4,"F","Vehicle/Towed Trailer","March"
40978,882999,2020-03-03,36,"M","Outside/Open Areas","March"
40979,882999,2020-03-03,33,"F","Outside/Open Areas","March"
40980,883007,2020-03-03,84,"M","Permanent Home","March"
40981,883007,2020-03-03,81,"F","Permanent Home","March"
40982,883007,2020-03-03,38,"F","Permanent Structure","March"
41126,883016,2020-03-03,31,"F","Permanent Home","March"
41127,883016,2020-03-03,4,"F","Permanent Home","March"
41128,883016,2020-03-03,7,"M","Mobile/Trailer Home","March"
41129,883016,2020-03-03,54,"M","Mobile/Trailer Home","March"
41130,883016,2020-03-03,30,"F","Permanent Home","March"
41131,883016,2020-03-03,4,"M","Permanent Home","March"
41132,883016,2020-03-03,30,"M","Permanent Home","March"
41133,883016,2020-03-03,30,"F","Permanent Home","March"
41134,883016,2020-03-03,2,"M","Permanent Home","March"
41135,883016,2020-03-03,50,"M","Permanent Home","March"
41136,883016,2020-03-03,50,"F","Permanent Home","March"
41137,883016,2020-03-03,67,"F","Permanent Structure","March"
41138,883016,2020-03-03,28,"F","Permanent Structure","March"
41139,883016,2020-03-03,12,"F","Permanent Home","March"
41140,883016,2020-03-03,65,"M","Mobile/Trailer Home","March"
41141,883016,2020-03-03,63,"F","Mobile/Trailer Home","March"
41142,883016,2020-03-03,36,"F","Permanent Home","March"
41143,883016,2020-03-03,68,"M","Permanent Home","March"
41144,883016,2020-03-03,34,"F","Mobile/Trailer Home","March"
44963,992010,2020-07-19,NA,"","Unknown","July"
44964,992010,2020-07-19,NA,"","Unknown","July"
44970,992011,2020-07-20,NA,"","Unknown","July"
44973,992011,2020-07-20,NA,"","Unknown","July"
44974,992011,2020-07-20,NA,"","Unknown","July"
44975,992011,2020-07-20,NA,"","Unknown","July"
44976,992011,2020-07-20,NA,"","Unknown","July"
44977,992012,2020-07-21,NA,"","Unknown","July"
44978,992012,2020-07-21,NA,"","Unknown","July"
44980,992012,2020-07-21,NA,"","Unknown","July"
44982,992012,2020-07-21,NA,"","Unknown","July"
44983,992013,2020-07-22,NA,"","Unknown","July"
44988,992155,2020-07-27,NA,"","Unknown","July"
44989,992155,2020-07-27,NA,"","Unknown","July"
44990,992156,2020-07-28,NA,"","Unknown","July"
44991,992156,2020-07-28,NA,"","Unknown","July"
44992,992156,2020-07-28,NA,"","Unknown","July"
44994,992156,2020-07-28,NA,"","Unknown","July"
44995,992156,2020-07-28,NA,"","Unknown","July"
44996,992156,2020-07-28,NA,"","Unknown","July"
44997,992156,2020-07-28,NA,"","Unknown","July"
45023,992157,2020-07-29,NA,"","Unknown","July"
45024,992157,2020-07-29,NA,"","Unknown","July"
45025,992157,2020-07-29,NA,"","Unknown","July"
45026,992157,2020-07-29,NA,"","Unknown","July"
45027,992157,2020-07-29,NA,"","Unknown","July"
45028,992157,2020-07-30,NA,"","Unknown","July"
45029,992157,2020-07-30,NA,"","Unknown","July"
45031,992157,2020-07-31,NA,"","Unknown","July"
45032,992157,2020-07-31,NA,"","Unknown","July"
45033,992157,2020-07-31,NA,"","Unknown","July"
45034,992157,2020-07-31,NA,"","Unknown","July"
45035,992157,2020-07-31,NA,"","Unknown","July"
45036,992157,2020-07-31,NA,"","Unknown","July"
45037,992157,2020-07-31,NA,"","Unknown","July"
45013,992158,2020-07-26,NA,"","Unknown","July"
45038,992707,2020-08-01,NA,"","Unknown","August"
45039,992707,2020-08-01,NA,"","Unknown","August"
45040,992707,2020-08-01,NA,"","Unknown","August"
45043,992707,2020-08-01,NA,"","Unknown","August"
45044,992707,2020-08-01,NA,"","Unknown","August"
45045,992707,2020-08-01,NA,"","Unknown","August"
45046,992707,2020-08-01,NA,"","Unknown","August"
45047,992707,2020-08-01,NA,"","Unknown","August"
45048,992707,2020-08-02,NA,"","Unknown","August"
45049,992707,2020-08-02,NA,"","Unknown","August"
45050,992707,2020-08-02,NA,"","Unknown","August"
45051,992707,2020-08-03,NA,"","Unknown","August"
45053,992707,2020-08-03,NA,"","Unknown","August"
45054,992707,2020-08-03,NA,"","Unknown","August"
45055,992707,2020-08-03,NA,"","Unknown","August"
45056,992707,2020-08-03,NA,"","Unknown","August"
45057,992707,2020-08-03,NA,"","Unknown","August"
45058,992707,2020-08-04,NA,"","Unknown","August"
45059,992707,2020-08-04,NA,"","Unknown","August"
45060,992707,2020-08-04,NA,"","Unknown","August"
45061,992707,2020-08-04,NA,"","Unknown","August"
45062,992707,2020-08-04,NA,"","Unknown","August"
45063,992707,2020-08-04,NA,"","Unknown","August"
45065,992708,2020-08-05,NA,"","Unknown","August"
45066,992708,2020-08-05,NA,"","Unknown","August"
45067,992708,2020-08-05,NA,"","Unknown","August"
45068,992708,2020-08-05,NA,"","Unknown","August"
45069,992708,2020-08-05,NA,"","Unknown","August"
45083,992709,2020-08-06,NA,"","Unknown","August"
45084,992709,2020-08-06,NA,"","Unknown","August"
45085,992709,2020-08-06,NA,"","Unknown","August"
45086,992709,2020-08-06,NA,"","Unknown","August"
45089,992709,2020-08-07,NA,"","Unknown","August"
45090,992709,2020-08-07,NA,"","Unknown","August"
45091,992710,2020-08-09,NA,"","Unknown","August"
45092,992710,2020-08-09,NA,"","Unknown","August"
45093,992710,2020-08-10,NA,"","Unknown","August"
45094,992710,2020-08-10,NA,"","Unknown","August"
45095,992711,2020-08-11,NA,"","Unknown","August"
45096,992712,2020-08-12,NA,"","Unknown","August"
45097,992712,2020-08-12,NA,"","Unknown","August"
45098,992712,2020-08-13,NA,"","Unknown","August"
45099,992712,2020-08-13,NA,"","Unknown","August"
45101,992712,2020-08-13,NA,"","Unknown","August"
45102,992712,2020-08-14,NA,"","Unknown","August"
45103,992712,2020-08-14,NA,"","Unknown","August"
45104,992712,2020-08-14,NA,"","Unknown","August"
45105,992712,2020-08-14,NA,"","Unknown","August"
45106,992712,2020-08-15,NA,"","Unknown","August"
45107,992712,2020-08-15,NA,"","Unknown","August"
45108,992712,2020-08-15,NA,"","Unknown","August"
45109,992712,2020-08-15,NA,"","Unknown","August"
45110,992712,2020-08-15,NA,"","Unknown","August"
45112,992712,2020-08-15,NA,"","Unknown","August"
45113,992712,2020-08-16,NA,"","Unknown","August"
45114,992712,2020-08-16,NA,"","Unknown","August"
45115,992712,2020-08-16,NA,"","Unknown","August"
45116,992712,2020-08-16,NA,"","Unknown","August"
45117,992712,2020-08-17,NA,"","Unknown","August"
45118,992712,2020-08-17,NA,"","Unknown","August"
45119,992712,2020-08-17,NA,"","Unknown","August"
45121,992712,2020-08-17,NA,"","Unknown","August"
45122,992712,2020-08-17,NA,"","Unknown","August"
45124,992712,2020-08-18,NA,"","Unknown","August"
45125,992712,2020-08-18,NA,"","Unknown","August"
45126,992712,2020-08-19,NA,"","Unknown","August"
40988,884340,2020-05-30,NA,"M","Boating","May"
41644,919374,2020-09-04,28,"F","Outside/Open Areas","September"
41645,919374,2020-09-06,25,"M","Outside/Open Areas","September"
41692,919384,2020-09-04,31,"M","Outside/Open Areas","September"
42892,919391,2020-09-04,27,"M","Outside/Open Areas","September"
42893,919391,2020-09-04,47,"M","Outside/Open Areas","September"
41819,922402,2020-09-20,30,"M","Outside/Open Areas","September"
41817,922403,2020-09-29,22,"M","Outside/Open Areas","September"
41818,922404,2020-09-29,38,"M","Outside/Open Areas","September"
42155,930283,2020-12-01,79,"M","Vehicle/Towed Trailer","December"
41080,887044,2020-04-22,NA,"","Unknown","April"
41997,887908,2020-04-12,NA,"","Unknown","April"
41998,887908,2020-04-12,NA,"","Unknown","April"
45127,992712,2020-08-19,NA,"","Unknown","August"
45128,992712,2020-08-19,NA,"","Unknown","August"
45129,992712,2020-08-20,NA,"","Unknown","August"
45130,992712,2020-08-20,NA,"","Unknown","August"
45131,992712,2020-08-20,NA,"","Unknown","August"
45132,992712,2020-08-20,NA,"","Unknown","August"
45133,992712,2020-08-20,NA,"","Unknown","August"
45134,992712,2020-08-20,NA,"","Unknown","August"
45136,992712,2020-08-20,NA,"","Unknown","August"
45137,992712,2020-08-21,NA,"","Unknown","August"
45138,992712,2020-08-22,NA,"","Unknown","August"
45140,992713,2020-08-23,NA,"","Unknown","August"
45141,992713,2020-08-23,NA,"","Unknown","August"
45142,992713,2020-08-23,NA,"","Unknown","August"
45143,992714,2020-08-24,NA,"","Unknown","August"
45144,992714,2020-08-25,NA,"","Unknown","August"
45145,992714,2020-08-26,NA,"","Unknown","August"
45146,992714,2020-08-26,NA,"","Unknown","August"
45148,992714,2020-08-28,NA,"","Unknown","August"
45149,992714,2020-08-28,NA,"","Unknown","August"
45150,992714,2020-08-28,NA,"","Unknown","August"
45151,992714,2020-08-28,NA,"","Unknown","August"
45152,992714,2020-08-28,NA,"","Unknown","August"
45153,992714,2020-08-29,NA,"","Unknown","August"
45154,992714,2020-08-29,NA,"","Unknown","August"
45155,992714,2020-08-30,NA,"","Unknown","August"
45156,992714,2020-08-31,NA,"","Unknown","August"
45157,992714,2020-08-31,NA,"","Unknown","August"
45158,992714,2020-08-31,NA,"","Unknown","August"
45159,992715,2020-09-02,NA,"","Unknown","September"
45160,992716,2020-09-03,NA,"","Unknown","September"
45161,992716,2020-09-03,NA,"","Unknown","September"
45162,992717,2020-09-04,NA,"","Unknown","September"
45163,992717,2020-09-04,NA,"","Unknown","September"
45164,992717,2020-09-04,NA,"","Unknown","September"
45165,992717,2020-09-05,NA,"","Unknown","September"
45166,992717,2020-09-05,NA,"","Unknown","September"
45167,992717,2020-09-05,NA,"","Unknown","September"
45168,992717,2020-09-05,NA,"","Unknown","September"
45169,992717,2020-09-05,NA,"","Unknown","September"
45170,992717,2020-09-06,NA,"","Unknown","September"
45171,992717,2020-09-06,NA,"","Unknown","September"
45172,992717,2020-09-06,NA,"","Unknown","September"
45173,992717,2020-09-07,NA,"","Unknown","September"
45182,992789,2020-09-28,NA,"","Unknown","September"
45183,992790,2020-09-29,NA,"","Unknown","September"
45184,992791,2020-10-01,NA,"","Unknown","October"
45185,992792,2020-10-06,NA,"","Unknown","October"
45222,992985,2020-08-20,42,"M","Outside/Open Areas","August"
45226,993422,2020-09-06,20,"M","Outside/Open Areas","September"
44972,992011,2020-07-20,NA,"","Unknown","July"
44979,992012,2020-07-21,NA,"","Unknown","July"
45139,992713,2020-08-23,NA,"","Unknown","August"
45147,992714,2020-08-26,NA,"","Unknown","August"
44858,991997,2020-07-03,NA,"","Unknown","July"
44869,992001,2020-07-07,NA,"","Unknown","July"
44881,992003,2020-07-11,NA,"","Unknown","July"
44892,992003,2020-07-12,NA,"","Unknown","July"
44904,992003,2020-07-13,NA,"","Unknown","July"
44916,992004,2020-07-14,NA,"","Unknown","July"
44930,992006,2020-07-15,NA,"","Unknown","July"
44942,992007,2020-07-16,NA,"","Unknown","July"
44953,992010,2020-07-19,NA,"","Unknown","July"
44965,992010,2020-07-19,NA,"","Unknown","July"
44993,992156,2020-07-28,NA,"","Unknown","July"
45030,992157,2020-07-31,NA,"","Unknown","July"
45041,992707,2020-08-01,NA,"","Unknown","August"
45052,992707,2020-08-03,NA,"","Unknown","August"
45064,992708,2020-08-05,NA,"","Unknown","August"
45088,992709,2020-08-07,NA,"","Unknown","August"
45100,992712,2020-08-13,NA,"","Unknown","August"
45111,992712,2020-08-15,NA,"","Unknown","August"
45123,992712,2020-08-17,NA,"","Unknown","August"
45135,992712,2020-08-20,NA,"","Unknown","August"
41719,919724,2020-08-10,74,"M","Mobile/Trailer Home","August"
41910,923916,2020-10-13,71,"F","Vehicle/Towed Trailer","October"
40452,866960,2020-01-11,79,"M","Mobile/Trailer Home","January"
44898,992003,2020-07-13,NA,"","Unknown","July"
44934,992007,2020-07-16,NA,"","Unknown","July"
44971,992011,2020-07-20,NA,"","Unknown","July"
44981,992012,2020-07-21,NA,"","Unknown","July"
45042,992707,2020-08-01,NA,"","Unknown","August"
45087,992709,2020-08-06,NA,"","Unknown","August"
45120,992712,2020-08-17,NA,"","Unknown","August"
40675,866540,2020-01-10,44,"M","Mobile/Trailer Home","January"
40439,866671,2020-01-11,75,"M","Permanent Home","January"
40453,866960,2020-01-11,65,"F","Mobile/Trailer Home","January"
40454,866960,2020-01-11,87,"M","Mobile/Trailer Home","January"
45415,884164,2020-04-13,63,"M","Mobile/Trailer Home","April"
45416,884164,2020-04-13,68,"F","Mobile/Trailer Home","April"
41089,890571,2020-04-19,NA,"M","Mobile/Trailer Home","April"
41312,910149,2020-08-22,52,"M","Camping","August"
41313,910149,2020-08-22,41,"F","Camping","August"
41963,925309,2020-11-11,NA,"M","Permanent Home","November"
42032,928677,2020-11-11,NA,"M","Permanent Home","November"
44555,985824,2020-05-06,NA,"","Unknown","May"
44556,985841,2020-05-04,NA,"","Unknown","May"
45242,985851,2020-05-28,NA,"","Unknown","May"
45243,985851,2020-05-30,NA,"","Unknown","May"
45244,985851,2020-05-31,NA,"","Unknown","May"
45245,985851,2020-05-31,NA,"","Unknown","May"
45246,985851,2020-05-31,NA,"","Unknown","May"
41317,873349,2020-01-07,41,"M","Outside/Open Areas","January"
40848,880546,2020-03-02,67,"M","Mobile/Trailer Home","March"
41257,888897,2020-06-09,29,"M","Vehicle/Towed Trailer","June"
41258,888897,2020-06-09,40,"M","Vehicle/Towed Trailer","June"
41087,890156,2020-04-12,40,"F","Mobile/Trailer Home","April"
41416,891063,2020-06-29,70,"M","In Water","June"
41318,906030,2020-06-28,19,"M","Outside/Open Areas","June"
41262,906033,2020-06-21,24,"M","Outside/Open Areas","June"
41315,912085,2020-07-02,61,"F","Unknown","July"
41414,914808,2020-06-29,85,"M","Vehicle/Towed Trailer","June"
41522,917688,2020-10-08,27,"M","Outside/Open Areas","October"
41662,919903,2020-10-18,42,"M","In Water","October"
41700,917686,2020-10-07,75,"M","Outside/Open Areas","October"
41716,920239,2020-10-22,66,"M","Vehicle/Towed Trailer","October"
41717,920645,2020-10-22,18,"F","Vehicle/Towed Trailer","October"
41792,919878,2020-10-26,NA,"M","Vehicle/Towed Trailer","October"
41793,919879,2020-10-26,59,"M","Other","October"
41864,922639,2020-10-18,NA,"M","In Water","October"
41871,923338,2020-10-07,71,"M","Golfing","October"
41912,924048,2020-10-29,22,"M","Mobile/Trailer Home","October"
41913,924129,2020-10-28,23,"F","Permanent Home","October"
41914,924129,2020-10-28,24,"M","Permanent Home","October"
41922,924377,2020-10-26,84,"F","Outside/Open Areas","October"
41935,924576,2020-10-09,60,"M","In Water","October"
41952,924937,2020-10-05,1,"F","Vehicle/Towed Trailer","October"
41953,924944,2020-10-13,NA,"M","Outside/Open Areas","October"
41967,925737,2020-10-23,NA,"M","Outside/Open Areas","October"
41980,923474,2020-10-14,86,"M","Permanent Home","October"
41981,923474,2020-10-14,84,"F","Permanent Home","October"
41984,925293,2020-10-28,NA,"","Unknown","October"
41985,926246,2020-10-28,NA,"M","Outside/Open Areas","October"
41986,926247,2020-10-28,58,"M","In Water","October"
41987,923293,2020-10-07,NA,"M","Vehicle/Towed Trailer","October"
41988,924369,2020-10-22,84,"M","Vehicle/Towed Trailer","October"
41989,925936,2020-10-09,70,"F","Permanent Home","October"
41990,925936,2020-10-14,73,"M","Permanent Home","October"
41991,925952,2020-10-09,86,"M","Permanent Structure","October"
41992,925854,2020-10-09,NA,"","In Water","October"
41995,924694,2020-10-27,80,"F","Unknown","October"
41996,925037,2020-10-26,67,"M","Vehicle/Towed Trailer","October"
41911,923945,2020-12-07,67,"F","Outside/Open Areas","December"
41954,925141,2020-12-12,40,"M","Vehicle/Towed Trailer","December"
41964,925380,2020-12-14,65,"F","Vehicle/Towed Trailer","December"
41965,925612,2020-12-12,82,"M","Vehicle/Towed Trailer","December"
41966,925635,2020-12-22,NA,"","Vehicle/Towed Trailer","December"
41983,926661,2020-12-26,57,"M","Outside/Open Areas","December"
41993,926907,2020-12-30,55,"M","In Water","December"
42011,927849,2020-12-08,NA,"","In Water","December"
42301,931719,2020-12-19,51,"M","Outside/Open Areas","December"
42302,931719,2020-12-19,55,"M","Outside/Open Areas","December"
42379,931869,2020-12-02,30,"M","Permanent Home","December"
42380,931869,2020-12-02,23,"F","Permanent Home","December"
42340,932086,2020-12-17,40,"M","Vehicle/Towed Trailer","December"
42335,932193,2020-12-29,62,"M","Vehicle/Towed Trailer","December"
42391,933827,2020-12-24,38,"F","Outside/Open Areas","December"
42395,934575,2020-12-21,NA,"","Vehicle/Towed Trailer","December"
42397,934826,2020-12-23,46,"F","In Water","December"
42452,937315,2020-12-20,36,"M","In Water","December"
41756,921017,2020-08-16,NA,"F","In Water","August"
41757,921018,2020-08-17,NA,"M","In Water","August"
41808,922256,2020-08-31,4,"M","In Water","August"
41809,922256,2020-08-31,5,"F","In Water","August"
41939,922952,2020-09-07,NA,"","Other","September"
41940,922952,2020-09-07,NA,"","Other","September"
41941,922952,2020-09-07,NA,"","Other","September"
41942,922952,2020-09-08,NA,"","Other","September"
41943,922952,2020-09-08,NA,"","Other","September"
42423,929780,2020-09-07,71,"F","Outside/Open Areas","September"
42424,929780,2020-09-07,41,"M","Outside/Open Areas","September"
42425,929780,2020-09-07,72,"M","Permanent Home","September"
42421,929780,2020-09-07,13,"M","Vehicle/Towed Trailer","September"
42422,929780,2020-09-07,71,"F","Vehicle/Towed Trailer","September"
42426,929884,2020-09-07,59,"M","Permanent Home","September"
42183,930898,2020-11-12,11,"M","In Water","November"
42346,932331,2020-09-06,20,"M","Outside/Open Areas","September"
42348,932463,2020-08-20,42,"M","Outside/Open Areas","August"
42405,935707,2020-09-01,60,"F","In Water","September"
40520,867876,2020-02-07,34,"F","Vehicle/Towed Trailer","February"
41108,891663,2020-07-03,9,"F","Under Tree","July"
40522,867881,2020-02-07,80,"M","Vehicle/Towed Trailer","February"
41158,893619,2020-07-03,26,"M","In Water","July"
40552,868112,2020-02-06,74,"M","Vehicle/Towed Trailer","February"
40557,868267,2020-02-09,32,"F","Vehicle/Towed Trailer","February"
40775,868619,2020-02-13,49,"F","Vehicle/Towed Trailer","February"
40604,869330,2020-02-11,65,"M","Outside/Open Areas","February"
40607,869338,2020-02-14,73,"F","Permanent Home","February"
40608,869355,2020-02-17,72,"M","Outside/Open Areas","February"
40711,869390,2020-02-14,73,"M","Vehicle/Towed Trailer","February"
40749,869643,2020-02-09,32,"F","Vehicle/Towed Trailer","February"
40628,870187,2020-02-22,44,"M","In Water","February"
40650,870789,2020-02-15,28,"M","Outside/Open Areas","February"
40651,870789,2020-02-15,30,"M","Outside/Open Areas","February"
40664,871644,2020-02-25,21,"M","Outside/Open Areas","February"
40665,871646,2020-02-10,32,"M","Outside/Open Areas","February"
40746,871919,2020-02-25,26,"M","Vehicle/Towed Trailer","February"
40787,871967,2020-02-06,61,"F","Unknown","February"
40782,872848,2020-02-07,19,"M","Vehicle/Towed Trailer","February"
40683,872925,2020-02-15,37,"F","Outside/Open Areas","February"
40776,874819,2020-02-09,30,"F","Vehicle/Towed Trailer","February"
40777,875298,2020-02-14,39,"M","Vehicle/Towed Trailer","February"
40768,875856,2020-02-13,45,"M","Vehicle/Towed Trailer","February"
40769,875856,2020-02-13,18,"M","Vehicle/Towed Trailer","February"
40780,876089,2020-02-12,41,"M","Vehicle/Towed Trailer","February"
40767,876110,2020-02-07,27,"M","Vehicle/Towed Trailer","February"
40751,876151,2020-02-06,25,"M","Vehicle/Towed Trailer","February"
41155,893623,2020-07-12,65,"M","In Water","July"
40788,878823,2020-02-04,NA,"","Vehicle/Towed Trailer","February"
40797,879200,2020-02-05,82,"M","Vehicle/Towed Trailer","February"
40798,879214,2020-02-13,64,"M","Vehicle/Towed Trailer","February"
40799,879215,2020-02-26,34,"M","Vehicle/Towed Trailer","February"
40804,879903,2020-02-15,27,"M","In Water","February"
41156,893627,2020-07-12,72,"M","In Water","July"
41157,893627,2020-07-12,73,"M","In Water","July"
41173,895649,2020-07-15,14,"M","In Water","July"
41174,895656,2020-07-22,33,"M","In Water","July"
41182,896866,2020-07-07,37,"M","Other","July"
41184,897151,2020-07-27,40,"M","In Water","July"
41364,898307,2020-07-08,30,"M","Permanent Structure","July"
41343,898711,2020-07-30,15,"M","Heavy Equipment/Construction","July"
41233,901230,2020-07-18,19,"M","In Water","July"
41244,903180,2020-07-10,NA,"","In Water","July"
41254,904156,2020-07-16,26,"M","In Water","July"
41268,906088,2020-07-01,67,"M","In Water","July"
41299,908260,2020-07-10,34,"M","Outside/Open Areas","July"
41280,908264,2020-07-07,24,"F","In Water","July"
41310,911321,2020-07-08,NA,"M","Vehicle/Towed Trailer","July"
41344,911564,2020-07-26,46,"M","Vehicle/Towed Trailer","July"
42975,954667,2020-01-24,NA,"M","In Water","January"
42974,954669,2020-01-28,61,"M","In Water","January"
43016,954717,2020-03-16,22,"M","In Water","March"
43017,954719,2020-05-31,47,"M","In Water","May"
42980,954720,2020-09-01,75,"M","In Water","September"
42983,954723,2020-09-16,58,"M","In Water","September"
43018,954724,2020-09-18,29,"M","In Water","September"
43019,954724,2020-09-18,32,"F","In Water","September"
42988,954725,2020-09-26,NA,"F","In Water","September"
42989,954726,2020-09-29,20,"M","In Water","September"
42990,954727,2020-09-29,25,"M","In Water","September"
42991,954728,2020-10-01,NA,"F","In Water","October"
43023,954729,2020-11-08,40,"F","In Water","November"
42994,954730,2020-11-13,29,"M","In Water","November"
42977,954718,2020-03-16,60,"M","In Water","March"
43022,954729,2020-11-08,45,"M","In Water","November"
41438,912593,2020-07-31,65,"F","Under Tree","July"
41389,913052,2020-07-06,43,"M","Under Tree","July"
41390,913052,2020-07-06,34,"M","Under Tree","July"
41373,913529,2020-07-04,1,"F","Vehicle/Towed Trailer","July"
41410,914537,2020-07-09,19,"M","In Water","July"
44464,983413,2020-04-26,NA,"","Unknown","April"
44465,983413,2020-04-27,NA,"","Unknown","April"
43226,933530,2020-12-21,34,"F","Vehicle/Towed Trailer","December"
40525,865661,2020-01-10,18,"M","Vehicle/Towed Trailer","January"
40678,872072,2020-01-26,24,"M","Vehicle/Towed Trailer","January"
40770,877673,2020-01-23,56,"M","Vehicle/Towed Trailer","January"
40771,877673,2020-01-23,56,"F","Vehicle/Towed Trailer","January"
42857,946983,2020-07-17,50,"F","Camping","July"
42858,946983,2020-07-17,15,"M","Camping","July"
42859,946983,2020-07-17,15,"M","Camping","July"
41417,915468,2020-08-11,12,"M","In Water","August"
41226,899873,2020-05-22,24,"M","In Water","May"
42295,914182,2020-07-28,82,"M","Outside/Open Areas","July"
42291,914182,2020-07-27,34,"F","Permanent Home","July"
42292,914182,2020-07-27,33,"M","Permanent Home","July"
42293,914182,2020-07-27,17,"F","Permanent Home","July"
41553,919145,2020-10-24,27,"M","In Water","October"
41661,919814,2020-10-31,47,"M","In Water","October"
42151,919843,2020-10-09,17,"M","In Water","October"
41899,920774,2020-09-17,39,"M","Outside/Open Areas","September"
41744,921014,2020-09-13,NA,"M","Vehicle/Towed Trailer","September"
41950,924794,2020-10-27,61,"M","Outside/Open Areas","October"
41951,924794,2020-10-27,39,"M","Outside/Open Areas","October"
41969,925852,2020-10-06,NA,"M","Outside/Open Areas","October"
42351,925853,2020-10-20,67,"M","Outside/Open Areas","October"
41227,900079,2020-06-28,NA,"","Unknown","June"
44819,990625,2020-06-01,NA,"","Unknown","June"
44820,990625,2020-06-01,NA,"","Unknown","June"
44821,990627,2020-06-02,NA,"","Unknown","June"
44822,990627,2020-06-03,NA,"","Unknown","June"
44823,990627,2020-06-03,NA,"","Unknown","June"
44824,990627,2020-06-03,NA,"","Unknown","June"
44825,990627,2020-06-04,NA,"","Unknown","June"
44826,990627,2020-06-04,NA,"","Unknown","June"
44827,990629,2020-06-06,NA,"","Unknown","June"
44828,990629,2020-06-06,NA,"","Unknown","June"
44829,990633,2020-06-12,NA,"","Unknown","June"
44830,990650,2020-06-24,NA,"","Unknown","June"
44831,990651,2020-06-25,NA,"","Unknown","June"
44832,990653,2020-06-26,NA,"","Unknown","June"
44833,990653,2020-06-26,NA,"","Unknown","June"
44834,990653,2020-06-26,NA,"","Unknown","June"
44835,990655,2020-06-28,NA,"","Unknown","June"
42152,930272,2020-10-09,49,"M","In Water","October"
42154,930274,2020-10-10,19,"M","In Water","October"
42294,914182,2020-07-27,11,"M","Permanent Home","July"
